;Ano;Vinhos;Total;Tipo
0;2006;Total;22335925;Brancas/Rosadas
1;2007;Total;28254191;Brancas/Rosadas
2;2008;Total;34602464;Brancas/Rosadas
3;2009;Total;32556903;Brancas/Rosadas
4;2010;Total;22104122;Brancas/Rosadas
5;2011;Total;37931015;Brancas/Rosadas
6;2012;Total;36519724;Brancas/Rosadas
7;2013;Total;36958341;Brancas/Rosadas
8;2014;Total;35769155;Brancas/Rosadas
9;2015;Total;40130577;Brancas/Rosadas
10;2016;Total;18769366;Brancas/Rosadas
11;2017;Total;44058213;Brancas/Rosadas
12;2018;Total;38722156;Brancas/Rosadas
14;2020;Total;41004206;Brancas/Rosadas
15;2021;Total;71266239;Brancas/Rosadas
37;2011;Aligote;2640;Brancas/Rosadas
65;2007;Alvarinho;2477;Brancas/Rosadas
66;2008;Alvarinho;1071;Brancas/Rosadas
67;2009;Alvarinho;1675;Brancas/Rosadas
68;2010;Alvarinho;1088;Brancas/Rosadas
69;2011;Alvarinho;6668;Brancas/Rosadas
70;2012;Alvarinho;5081;Brancas/Rosadas
71;2013;Alvarinho;12413;Brancas/Rosadas
72;2014;Alvarinho;16147;Brancas/Rosadas
73;2015;Alvarinho;9860;Brancas/Rosadas
74;2016;Alvarinho;16369;Brancas/Rosadas
75;2017;Alvarinho;41225;Brancas/Rosadas
76;2018;Alvarinho;32647;Brancas/Rosadas
78;2020;Alvarinho;46574;Brancas/Rosadas
79;2021;Alvarinho;242238;Brancas/Rosadas
80;2006;Arriloba;27410;Brancas/Rosadas
81;2007;Arriloba;22832;Brancas/Rosadas
82;2008;Arriloba;51380;Brancas/Rosadas
83;2009;Arriloba;35375;Brancas/Rosadas
84;2010;Arriloba;33750;Brancas/Rosadas
85;2011;Arriloba;38390;Brancas/Rosadas
86;2012;Arriloba;40000;Brancas/Rosadas
87;2013;Arriloba;28829;Brancas/Rosadas
88;2014;Arriloba;31140;Brancas/Rosadas
89;2015;Arriloba;34120;Brancas/Rosadas
90;2016;Arriloba;17070;Brancas/Rosadas
91;2017;Arriloba;5280;Brancas/Rosadas
92;2018;Arriloba;2580;Brancas/Rosadas
94;2020;Arriloba;2940;Brancas/Rosadas
128;2006;Chardonnay;1830171;Brancas/Rosadas
129;2007;Chardonnay;1752488;Brancas/Rosadas
130;2008;Chardonnay;5829449;Brancas/Rosadas
131;2009;Chardonnay;4812743;Brancas/Rosadas
132;2010;Chardonnay;3836555;Brancas/Rosadas
133;2011;Chardonnay;4916344;Brancas/Rosadas
134;2012;Chardonnay;6347044;Brancas/Rosadas
135;2013;Chardonnay;6174156;Brancas/Rosadas
136;2014;Chardonnay;5821514;Brancas/Rosadas
137;2015;Chardonnay;7253167;Brancas/Rosadas
138;2016;Chardonnay;3070142;Brancas/Rosadas
139;2017;Chardonnay;7856910;Brancas/Rosadas
140;2018;Chardonnay;6068902;Brancas/Rosadas
142;2020;Chardonnay;6514864;Brancas/Rosadas
143;2021;Chardonnay;4200465;Brancas/Rosadas
144;2006;Chasselas;111200;Brancas/Rosadas
145;2007;Chasselas;48268;Brancas/Rosadas
146;2008;Chasselas;58390;Brancas/Rosadas
147;2009;Chasselas;32425;Brancas/Rosadas
148;2010;Chasselas;47099;Brancas/Rosadas
149;2011;Chasselas;29543;Brancas/Rosadas
160;2006;Chenin Blanc;400160;Brancas/Rosadas
161;2007;Chenin Blanc;355185;Brancas/Rosadas
162;2008;Chenin Blanc;362750;Brancas/Rosadas
163;2009;Chenin Blanc;347230;Brancas/Rosadas
164;2010;Chenin Blanc;73720;Brancas/Rosadas
165;2011;Chenin Blanc;212900;Brancas/Rosadas
166;2012;Chenin Blanc;257090;Brancas/Rosadas
167;2013;Chenin Blanc;264090;Brancas/Rosadas
168;2014;Chenin Blanc;146760;Brancas/Rosadas
169;2015;Chenin Blanc;173321;Brancas/Rosadas
170;2016;Chenin Blanc;60580;Brancas/Rosadas
171;2017;Chenin Blanc;266524;Brancas/Rosadas
172;2018;Chenin Blanc;387360;Brancas/Rosadas
174;2020;Chenin Blanc;465377;Brancas/Rosadas
175;2021;Chenin Blanc;49100;Brancas/Rosadas
181;2011;Clairette(1);949;Brancas/Rosadas
192;2006;Colombard;518836;Brancas/Rosadas
193;2007;Colombard;593625;Brancas/Rosadas
194;2008;Colombard;879719;Brancas/Rosadas
195;2009;Colombard;717624;Brancas/Rosadas
196;2010;Colombard;479201;Brancas/Rosadas
197;2011;Colombard;445104;Brancas/Rosadas
198;2012;Colombard;773273;Brancas/Rosadas
199;2013;Colombard;673158;Brancas/Rosadas
200;2014;Colombard;563589;Brancas/Rosadas
201;2015;Colombard;512199;Brancas/Rosadas
202;2016;Colombard;201659;Brancas/Rosadas
203;2017;Colombard;535573;Brancas/Rosadas
204;2018;Colombard;522866;Brancas/Rosadas
206;2020;Colombard;467614;Brancas/Rosadas
207;2021;Colombard;97713;Brancas/Rosadas
208;2006;Flora;251511;Brancas/Rosadas
209;2007;Flora;176396;Brancas/Rosadas
210;2008;Flora;176229;Brancas/Rosadas
211;2009;Flora;131760;Brancas/Rosadas
212;2010;Flora;35860;Brancas/Rosadas
213;2011;Flora;37620;Brancas/Rosadas
214;2012;Flora;68260;Brancas/Rosadas
215;2013;Flora;72410;Brancas/Rosadas
216;2014;Flora;45240;Brancas/Rosadas
217;2015;Flora;25090;Brancas/Rosadas
218;2016;Flora;1050;Brancas/Rosadas
219;2017;Flora;5810;Brancas/Rosadas
220;2018;Flora;2060;Brancas/Rosadas
224;2006;Garganega;35110;Brancas/Rosadas
225;2007;Garganega;16970;Brancas/Rosadas
226;2008;Garganega;8530;Brancas/Rosadas
227;2009;Garganega;3170;Brancas/Rosadas
238;2020;Garganega;540;Brancas/Rosadas
239;2021;Garganega;439160;Brancas/Rosadas
240;2006;Gewurztraminer;142266;Brancas/Rosadas
241;2007;Gewurztraminer;284818;Brancas/Rosadas
242;2008;Gewurztraminer;196483;Brancas/Rosadas
243;2009;Gewurztraminer;155338;Brancas/Rosadas
244;2010;Gewurztraminer;105186;Brancas/Rosadas
245;2011;Gewurztraminer;206833;Brancas/Rosadas
246;2012;Gewurztraminer;327678;Brancas/Rosadas
247;2013;Gewurztraminer;239469;Brancas/Rosadas
248;2014;Gewurztraminer;162083;Brancas/Rosadas
249;2015;Gewurztraminer;207303;Brancas/Rosadas
250;2016;Gewurztraminer;85385;Brancas/Rosadas
251;2017;Gewurztraminer;223350;Brancas/Rosadas
252;2018;Gewurztraminer;208171;Brancas/Rosadas
254;2020;Gewurztraminer;192058;Brancas/Rosadas
255;2021;Gewurztraminer;3201453;Brancas/Rosadas
256;2006;Gouveio;5312;Brancas/Rosadas
257;2007;Gouveio;5848;Brancas/Rosadas
258;2008;Gouveio;2090;Brancas/Rosadas
259;2009;Gouveio;7830;Brancas/Rosadas
260;2010;Gouveio;4358;Brancas/Rosadas
272;2006;Gros Manseng;2500;Brancas/Rosadas
273;2007;Gros Manseng;5770;Brancas/Rosadas
274;2008;Gros Manseng;1800;Brancas/Rosadas
275;2009;Gros Manseng;3289;Brancas/Rosadas
276;2010;Gros Manseng;4430;Brancas/Rosadas
277;2011;Gros Manseng;7220;Brancas/Rosadas
279;2013;Gros Manseng;4640;Brancas/Rosadas
280;2014;Gros Manseng;4830;Brancas/Rosadas
281;2015;Gros Manseng;7410;Brancas/Rosadas
283;2017;Gros Manseng;5680;Brancas/Rosadas
284;2018;Gros Manseng;2430;Brancas/Rosadas
286;2020;Gros Manseng;6296;Brancas/Rosadas
291;2009;Italia (Pirovano 65) (PE);2650;Brancas/Rosadas
292;2010;Italia (Pirovano 65) (PE);2230;Brancas/Rosadas
293;2011;Italia (Pirovano 65) (PE);6405;Brancas/Rosadas
294;2012;Italia (Pirovano 65) (PE);61799;Brancas/Rosadas
295;2013;Italia (Pirovano 65) (PE);5671;Brancas/Rosadas
296;2014;Italia (Pirovano 65) (PE);40230;Brancas/Rosadas
297;2015;Italia (Pirovano 65) (PE);37820;Brancas/Rosadas
299;2017;Italia (Pirovano 65) (PE);180;Brancas/Rosadas
300;2018;Italia (Pirovano 65) (PE);2942;Brancas/Rosadas
302;2020;Italia (Pirovano 65) (PE);200;Brancas/Rosadas
303;2021;Italia (Pirovano 65) (PE);1858705;Brancas/Rosadas
311;2013;Maccabeo;3558;Brancas/Rosadas
313;2015;Maccabeo;17670;Brancas/Rosadas
336;2006;Malvasia Amarela;61112;Brancas/Rosadas
337;2007;Malvasia Amarela;94281;Brancas/Rosadas
338;2008;Malvasia Amarela;131350;Brancas/Rosadas
339;2009;Malvasia Amarela;153905;Brancas/Rosadas
340;2010;Malvasia Amarela;251587;Brancas/Rosadas
341;2011;Malvasia Amarela;107015;Brancas/Rosadas
342;2012;Malvasia Amarela;115147;Brancas/Rosadas
343;2013;Malvasia Amarela;519959;Brancas/Rosadas
344;2014;Malvasia Amarela;149663;Brancas/Rosadas
345;2015;Malvasia Amarela;119930;Brancas/Rosadas
346;2016;Malvasia Amarela;10100;Brancas/Rosadas
347;2017;Malvasia Amarela;44445;Brancas/Rosadas
348;2018;Malvasia Amarela;52936;Brancas/Rosadas
350;2020;Malvasia Amarela;24440;Brancas/Rosadas
351;2021;Malvasia Amarela;3980;Brancas/Rosadas
352;2006;Malvasia Bianca;192862;Brancas/Rosadas
353;2007;Malvasia Bianca;191316;Brancas/Rosadas
354;2008;Malvasia Bianca;325942;Brancas/Rosadas
355;2009;Malvasia Bianca;281064;Brancas/Rosadas
356;2010;Malvasia Bianca;49176;Brancas/Rosadas
357;2011;Malvasia Bianca;138608;Brancas/Rosadas
358;2012;Malvasia Bianca;119122;Brancas/Rosadas
359;2013;Malvasia Bianca;184949;Brancas/Rosadas
360;2014;Malvasia Bianca;414603;Brancas/Rosadas
361;2015;Malvasia Bianca;602081;Brancas/Rosadas
362;2016;Malvasia Bianca;217177;Brancas/Rosadas
363;2017;Malvasia Bianca;629101;Brancas/Rosadas
364;2018;Malvasia Bianca;574521;Brancas/Rosadas
366;2020;Malvasia Bianca;494343;Brancas/Rosadas
367;2021;Malvasia Bianca;1165104;Brancas/Rosadas
368;2006;Malvasia Chianti;14705;Brancas/Rosadas
369;2007;Malvasia Chianti;15235;Brancas/Rosadas
370;2008;Malvasia Chianti;4730;Brancas/Rosadas
372;2010;Malvasia Chianti;2142;Brancas/Rosadas
375;2013;Malvasia Chianti;5061;Brancas/Rosadas
376;2014;Malvasia Chianti;7632;Brancas/Rosadas
378;2016;Malvasia Chianti;1314;Brancas/Rosadas
384;2006;Malvasia Verde;145670;Brancas/Rosadas
385;2007;Malvasia Verde;253369;Brancas/Rosadas
386;2008;Malvasia Verde;289366;Brancas/Rosadas
387;2009;Malvasia Verde;331718;Brancas/Rosadas
388;2010;Malvasia Verde;83565;Brancas/Rosadas
389;2011;Malvasia Verde;60776;Brancas/Rosadas
390;2012;Malvasia Verde;10979;Brancas/Rosadas
391;2013;Malvasia Verde;18690;Brancas/Rosadas
392;2014;Malvasia Verde;8825;Brancas/Rosadas
393;2015;Malvasia Verde;5108;Brancas/Rosadas
394;2016;Malvasia Verde;2460;Brancas/Rosadas
395;2017;Malvasia Verde;10457;Brancas/Rosadas
396;2018;Malvasia Verde;15220;Brancas/Rosadas
398;2020;Malvasia Verde;26597;Brancas/Rosadas
399;2021;Malvasia Verde;3578;Brancas/Rosadas
400;2006;Malvasia di Candia;228221;Brancas/Rosadas
401;2007;Malvasia di Candia;283476;Brancas/Rosadas
402;2008;Malvasia di Candia;628749;Brancas/Rosadas
403;2009;Malvasia di Candia;739588;Brancas/Rosadas
404;2010;Malvasia di Candia;649194;Brancas/Rosadas
405;2011;Malvasia di Candia;1727224;Brancas/Rosadas
406;2012;Malvasia di Candia;1825193;Brancas/Rosadas
407;2013;Malvasia di Candia;1692882;Brancas/Rosadas
408;2014;Malvasia di Candia;1888539;Brancas/Rosadas
409;2015;Malvasia di Candia;2512864;Brancas/Rosadas
410;2016;Malvasia di Candia;1268750;Brancas/Rosadas
411;2017;Malvasia di Candia;2785543;Brancas/Rosadas
412;2018;Malvasia di Candia;2557871;Brancas/Rosadas
414;2020;Malvasia di Candia;3389071;Brancas/Rosadas
415;2021;Malvasia di Candia;1544223;Brancas/Rosadas
430;2020;Malvasia Istriana;1090;Brancas/Rosadas
431;2021;Malvasia Istriana;950;Brancas/Rosadas
447;2021;Mistura de uvas viníferas branco;12278;Brancas/Rosadas
463;2021;Mistura de uvas viníferas rosado;325922;Brancas/Rosadas
464;2006;Moscato Branco;10748618;Brancas/Rosadas
465;2007;Moscato Branco;15717087;Brancas/Rosadas
466;2008;Moscato Branco;14744061;Brancas/Rosadas
467;2009;Moscato Branco;14294841;Brancas/Rosadas
468;2010;Moscato Branco;8595609;Brancas/Rosadas
469;2011;Moscato Branco;16871284;Brancas/Rosadas
470;2012;Moscato Branco;13322429;Brancas/Rosadas
471;2013;Moscato Branco;13136399;Brancas/Rosadas
472;2014;Moscato Branco;12669980;Brancas/Rosadas
473;2015;Moscato Branco;12788740;Brancas/Rosadas
474;2016;Moscato Branco;6068181;Brancas/Rosadas
475;2017;Moscato Branco;14475142;Brancas/Rosadas
476;2018;Moscato Branco;11202231;Brancas/Rosadas
478;2020;Moscato Branco;11868851;Brancas/Rosadas
479;2021;Moscato Branco;12100995;Brancas/Rosadas
480;2006;Moscato Canelli;57796;Brancas/Rosadas
481;2007;Moscato Canelli;84053;Brancas/Rosadas
482;2008;Moscato Canelli;65107;Brancas/Rosadas
483;2009;Moscato Canelli;61009;Brancas/Rosadas
484;2010;Moscato Canelli;55811;Brancas/Rosadas
485;2011;Moscato Canelli;92887;Brancas/Rosadas
486;2012;Moscato Canelli;123255;Brancas/Rosadas
487;2013;Moscato Canelli;64800;Brancas/Rosadas
488;2014;Moscato Canelli;85785;Brancas/Rosadas
489;2015;Moscato Canelli;72462;Brancas/Rosadas
490;2016;Moscato Canelli;30378;Brancas/Rosadas
491;2017;Moscato Canelli;57083;Brancas/Rosadas
492;2018;Moscato Canelli;121008;Brancas/Rosadas
494;2020;Moscato Canelli;138482;Brancas/Rosadas
495;2021;Moscato Canelli;109714;Brancas/Rosadas
496;2006;Moscato Giallo;776846;Brancas/Rosadas
497;2007;Moscato Giallo;1173519;Brancas/Rosadas
498;2008;Moscato Giallo;1122457;Brancas/Rosadas
499;2009;Moscato Giallo;1446926;Brancas/Rosadas
500;2010;Moscato Giallo;1151570;Brancas/Rosadas
501;2011;Moscato Giallo;1949920;Brancas/Rosadas
502;2012;Moscato Giallo;1641498;Brancas/Rosadas
503;2013;Moscato Giallo;1813522;Brancas/Rosadas
504;2014;Moscato Giallo;1742605;Brancas/Rosadas
505;2015;Moscato Giallo;1785956;Brancas/Rosadas
506;2016;Moscato Giallo;813952;Brancas/Rosadas
507;2017;Moscato Giallo;2091933;Brancas/Rosadas
508;2018;Moscato Giallo;1590531;Brancas/Rosadas
510;2020;Moscato Giallo;1597829;Brancas/Rosadas
511;2021;Moscato Giallo;6365205;Brancas/Rosadas
512;2006;Moscato Nazareno;544530;Brancas/Rosadas
513;2007;Moscato Nazareno;616480;Brancas/Rosadas
514;2008;Moscato Nazareno;1035000;Brancas/Rosadas
515;2009;Moscato Nazareno;858910;Brancas/Rosadas
516;2010;Moscato Nazareno;690210;Brancas/Rosadas
517;2011;Moscato Nazareno;882104;Brancas/Rosadas
518;2012;Moscato Nazareno;633606;Brancas/Rosadas
519;2013;Moscato Nazareno;831206;Brancas/Rosadas
520;2014;Moscato Nazareno;886808;Brancas/Rosadas
521;2015;Moscato Nazareno;886075;Brancas/Rosadas
522;2016;Moscato Nazareno;361638;Brancas/Rosadas
523;2017;Moscato Nazareno;890655;Brancas/Rosadas
524;2018;Moscato Nazareno;639810;Brancas/Rosadas
526;2020;Moscato Nazareno;554762;Brancas/Rosadas
527;2021;Moscato Nazareno;77912;Brancas/Rosadas
528;2006;Moscato Bianco R2;331718;Brancas/Rosadas
529;2007;Moscato Bianco R2;406650;Brancas/Rosadas
530;2008;Moscato Bianco R2;430599;Brancas/Rosadas
531;2009;Moscato Bianco R2;510594;Brancas/Rosadas
532;2010;Moscato Bianco R2;317404;Brancas/Rosadas
533;2011;Moscato Bianco R2;808748;Brancas/Rosadas
534;2012;Moscato Bianco R2;618266;Brancas/Rosadas
535;2013;Moscato Bianco R2;678267;Brancas/Rosadas
536;2014;Moscato Bianco R2;770265;Brancas/Rosadas
537;2015;Moscato Bianco R2;863910;Brancas/Rosadas
538;2016;Moscato Bianco R2;257647;Brancas/Rosadas
539;2017;Moscato Bianco R2;868260;Brancas/Rosadas
540;2018;Moscato Bianco R2;867445;Brancas/Rosadas
542;2020;Moscato Bianco R2;864917;Brancas/Rosadas
543;2021;Moscato Bianco R2;2920047;Brancas/Rosadas
544;2006;Moscato de Alexandria;32129;Brancas/Rosadas
545;2007;Moscato de Alexandria;51979;Brancas/Rosadas
546;2008;Moscato de Alexandria;85756;Brancas/Rosadas
547;2009;Moscato de Alexandria;87359;Brancas/Rosadas
548;2010;Moscato de Alexandria;41426;Brancas/Rosadas
549;2011;Moscato de Alexandria;105384;Brancas/Rosadas
550;2012;Moscato de Alexandria;184748;Brancas/Rosadas
551;2013;Moscato de Alexandria;211532;Brancas/Rosadas
552;2014;Moscato de Alexandria;160290;Brancas/Rosadas
553;2015;Moscato de Alexandria;192945;Brancas/Rosadas
554;2016;Moscato de Alexandria;53037;Brancas/Rosadas
555;2017;Moscato de Alexandria;115910;Brancas/Rosadas
556;2018;Moscato de Alexandria;95647;Brancas/Rosadas
558;2020;Moscato de Alexandria;153442;Brancas/Rosadas
559;2021;Moscato de Alexandria;431897;Brancas/Rosadas
560;2006;Moscato Rosado;5310;Brancas/Rosadas
561;2007;Moscato Rosado;1226;Brancas/Rosadas
564;2010;Moscato Rosado;2396;Brancas/Rosadas
565;2011;Moscato Rosado;7617;Brancas/Rosadas
574;2020;Moscato Rosado;500;Brancas/Rosadas
575;2021;Moscato Rosado;15030;Brancas/Rosadas
588;2018;Muscat à Petits Grains;3000;Brancas/Rosadas
590;2020;Muscat à Petits Grains;8030;Brancas/Rosadas
591;2021;Muscat à Petits Grains;895346;Brancas/Rosadas
628;2010;Ora;4045;Brancas/Rosadas
640;2006;Palomino;2270;Brancas/Rosadas
668;2018;Petit Manseng;1430;Brancas/Rosadas
671;2021;Petit Manseng;570;Brancas/Rosadas
672;2006;Peverella;137031;Brancas/Rosadas
673;2007;Peverella;111726;Brancas/Rosadas
674;2008;Peverella;103270;Brancas/Rosadas
675;2009;Peverella;48994;Brancas/Rosadas
676;2010;Peverella;28945;Brancas/Rosadas
677;2011;Peverella;64218;Brancas/Rosadas
678;2012;Peverella;43656;Brancas/Rosadas
679;2013;Peverella;44137;Brancas/Rosadas
680;2014;Peverella;28452;Brancas/Rosadas
681;2015;Peverella;40719;Brancas/Rosadas
682;2016;Peverella;5557;Brancas/Rosadas
683;2017;Peverella;16350;Brancas/Rosadas
684;2018;Peverella;33439;Brancas/Rosadas
686;2020;Peverella;15858;Brancas/Rosadas
687;2021;Peverella;70925;Brancas/Rosadas
688;2006;Pinot Blanc;12245;Brancas/Rosadas
689;2007;Pinot Blanc;14620;Brancas/Rosadas
690;2008;Pinot Blanc;40109;Brancas/Rosadas
691;2009;Pinot Blanc;8030;Brancas/Rosadas
692;2010;Pinot Blanc;16940;Brancas/Rosadas
693;2011;Pinot Blanc;26307;Brancas/Rosadas
694;2012;Pinot Blanc;10174;Brancas/Rosadas
695;2013;Pinot Blanc;8720;Brancas/Rosadas
696;2014;Pinot Blanc;5980;Brancas/Rosadas
697;2015;Pinot Blanc;7218;Brancas/Rosadas
700;2018;Pinot Blanc;17028;Brancas/Rosadas
702;2020;Pinot Blanc;3000;Brancas/Rosadas
704;2006;Pinot Gris;41070;Brancas/Rosadas
705;2007;Pinot Gris;28779;Brancas/Rosadas
706;2008;Pinot Gris;41660;Brancas/Rosadas
707;2009;Pinot Gris;52000;Brancas/Rosadas
708;2010;Pinot Gris;36036;Brancas/Rosadas
709;2011;Pinot Gris;158788;Brancas/Rosadas
710;2012;Pinot Gris;187685;Brancas/Rosadas
711;2013;Pinot Gris;126844;Brancas/Rosadas
712;2014;Pinot Gris;118123;Brancas/Rosadas
713;2015;Pinot Gris;118118;Brancas/Rosadas
714;2016;Pinot Gris;67394;Brancas/Rosadas
715;2017;Pinot Gris;165697;Brancas/Rosadas
716;2018;Pinot Gris;98728;Brancas/Rosadas
718;2020;Pinot Gris;183818;Brancas/Rosadas
719;2021;Pinot Gris;79922;Brancas/Rosadas
720;2006;Prosecco;917214;Brancas/Rosadas
721;2007;Prosecco;910158;Brancas/Rosadas
722;2008;Prosecco;1930887;Brancas/Rosadas
723;2009;Prosecco;2169397;Brancas/Rosadas
724;2010;Prosecco;1345161;Brancas/Rosadas
725;2011;Prosecco;2720048;Brancas/Rosadas
726;2012;Prosecco;2420715;Brancas/Rosadas
727;2013;Prosecco;2852648;Brancas/Rosadas
728;2014;Prosecco;3030347;Brancas/Rosadas
729;2015;Prosecco;3319779;Brancas/Rosadas
730;2016;Prosecco;1873735;Brancas/Rosadas
731;2017;Prosecco;3342655;Brancas/Rosadas
732;2018;Prosecco;4018371;Brancas/Rosadas
734;2020;Prosecco;4393451;Brancas/Rosadas
735;2021;Prosecco;184218;Brancas/Rosadas
752;2006;Riesling Italico;1901717;Brancas/Rosadas
753;2007;Riesling Italico;1960822;Brancas/Rosadas
754;2008;Riesling Italico;2698892;Brancas/Rosadas
755;2009;Riesling Italico;2466530;Brancas/Rosadas
756;2010;Riesling Italico;2120405;Brancas/Rosadas
757;2011;Riesling Italico;2618429;Brancas/Rosadas
758;2012;Riesling Italico;3172992;Brancas/Rosadas
759;2013;Riesling Italico;3069854;Brancas/Rosadas
760;2014;Riesling Italico;2705224;Brancas/Rosadas
761;2015;Riesling Italico;3468606;Brancas/Rosadas
762;2016;Riesling Italico;1697248;Brancas/Rosadas
763;2017;Riesling Italico;4283929;Brancas/Rosadas
764;2018;Riesling Italico;3724926;Brancas/Rosadas
766;2020;Riesling Italico;3020102;Brancas/Rosadas
767;2021;Riesling Italico;20399648;Brancas/Rosadas
768;2006;Riesling Renano;213256;Brancas/Rosadas
769;2007;Riesling Renano;242940;Brancas/Rosadas
770;2008;Riesling Renano;243690;Brancas/Rosadas
771;2009;Riesling Renano;90530;Brancas/Rosadas
772;2010;Riesling Renano;96828;Brancas/Rosadas
773;2011;Riesling Renano;125166;Brancas/Rosadas
774;2012;Riesling Renano;195120;Brancas/Rosadas
775;2013;Riesling Renano;99230;Brancas/Rosadas
776;2014;Riesling Renano;94276;Brancas/Rosadas
777;2015;Riesling Renano;153605;Brancas/Rosadas
778;2016;Riesling Renano;53550;Brancas/Rosadas
779;2017;Riesling Renano;105100;Brancas/Rosadas
780;2018;Riesling Renano;121020;Brancas/Rosadas
782;2020;Riesling Renano;108260;Brancas/Rosadas
783;2021;Riesling Renano;13385970;Brancas/Rosadas
784;2006;Sauvignon Blanc(2);606465;Brancas/Rosadas
785;2007;Sauvignon Blanc(2);618034;Brancas/Rosadas
786;2008;Sauvignon Blanc(2);608983;Brancas/Rosadas
787;2009;Sauvignon Blanc(2);657286;Brancas/Rosadas
788;2010;Sauvignon Blanc(2);350866;Brancas/Rosadas
789;2011;Sauvignon Blanc(2);612060;Brancas/Rosadas
790;2012;Sauvignon Blanc(2);855045;Brancas/Rosadas
791;2013;Sauvignon Blanc(2);633633;Brancas/Rosadas
792;2014;Sauvignon Blanc(2);515939;Brancas/Rosadas
793;2015;Sauvignon Blanc(2);614222;Brancas/Rosadas
794;2016;Sauvignon Blanc(2);295942;Brancas/Rosadas
795;2017;Sauvignon Blanc(2);677028;Brancas/Rosadas
796;2018;Sauvignon Blanc(2);517760;Brancas/Rosadas
798;2020;Sauvignon Blanc(2);818549;Brancas/Rosadas
799;2021;Sauvignon Blanc(2);728633;Brancas/Rosadas
801;2007;Sauvignon Gris;3213;Brancas/Rosadas
802;2008;Sauvignon Gris;5534;Brancas/Rosadas
803;2009;Sauvignon Gris;2147;Brancas/Rosadas
804;2010;Sauvignon Gris;3629;Brancas/Rosadas
805;2011;Sauvignon Gris;8513;Brancas/Rosadas
806;2012;Sauvignon Gris;2854;Brancas/Rosadas
807;2013;Sauvignon Gris;3737;Brancas/Rosadas
808;2014;Sauvignon Gris;921;Brancas/Rosadas
809;2015;Sauvignon Gris;1504;Brancas/Rosadas
814;2020;Sauvignon Gris;1028;Brancas/Rosadas
832;2006;Semillon;600858;Brancas/Rosadas
833;2007;Semillon;408016;Brancas/Rosadas
834;2008;Semillon;562371;Brancas/Rosadas
835;2009;Semillon;382995;Brancas/Rosadas
836;2010;Semillon;165518;Brancas/Rosadas
837;2011;Semillon;312204;Brancas/Rosadas
838;2012;Semillon;336252;Brancas/Rosadas
839;2013;Semillon;335323;Brancas/Rosadas
840;2014;Semillon;149939;Brancas/Rosadas
841;2015;Semillon;177672;Brancas/Rosadas
842;2016;Semillon;57635;Brancas/Rosadas
843;2017;Semillon;188211;Brancas/Rosadas
844;2018;Semillon;225952;Brancas/Rosadas
846;2020;Semillon;193760;Brancas/Rosadas
847;2021;Semillon;4000;Brancas/Rosadas
848;2006;Schonburger;6505;Brancas/Rosadas
849;2007;Schonburger;15239;Brancas/Rosadas
850;2008;Schonburger;17687;Brancas/Rosadas
851;2009;Schonburger;16930;Brancas/Rosadas
853;2011;Schonburger;14538;Brancas/Rosadas
854;2012;Schonburger;21348;Brancas/Rosadas
855;2013;Schonburger;14087;Brancas/Rosadas
856;2014;Schonburger;5194;Brancas/Rosadas
859;2017;Schonburger;7454;Brancas/Rosadas
860;2018;Schonburger;14354;Brancas/Rosadas
862;2020;Schonburger;14499;Brancas/Rosadas
863;2021;Schonburger;5500;Brancas/Rosadas
864;2006;Sylvaner;4530;Brancas/Rosadas
865;2007;Sylvaner;4693;Brancas/Rosadas
866;2008;Sylvaner;6587;Brancas/Rosadas
867;2009;Sylvaner;492;Brancas/Rosadas
869;2011;Sylvaner;1435;Brancas/Rosadas
870;2012;Sylvaner;144;Brancas/Rosadas
871;2013;Sylvaner;155;Brancas/Rosadas
896;2006;Trebbiano;1376390;Brancas/Rosadas
897;2007;Trebbiano;1711643;Brancas/Rosadas
898;2008;Trebbiano;1846212;Brancas/Rosadas
899;2009;Trebbiano;1578176;Brancas/Rosadas
900;2010;Trebbiano;1338957;Brancas/Rosadas
901;2011;Trebbiano;2439317;Brancas/Rosadas
902;2012;Trebbiano;2576020;Brancas/Rosadas
903;2013;Trebbiano;2876041;Brancas/Rosadas
904;2014;Trebbiano;3342859;Brancas/Rosadas
905;2015;Trebbiano;3830336;Brancas/Rosadas
906;2016;Trebbiano;2083491;Brancas/Rosadas
907;2017;Trebbiano;3892478;Brancas/Rosadas
908;2018;Trebbiano;4504485;Brancas/Rosadas
910;2020;Trebbiano;4682326;Brancas/Rosadas
911;2021;Trebbiano;67720;Brancas/Rosadas
922;2016;Trebbiano Toscano;2694;Brancas/Rosadas
923;2017;Trebbiano Toscano;100047;Brancas/Rosadas
924;2018;Trebbiano Toscano;18110;Brancas/Rosadas
926;2020;Trebbiano Toscano;122512;Brancas/Rosadas
927;2021;Trebbiano Toscano;184310;Brancas/Rosadas
949;2011;Verdelho;12420;Brancas/Rosadas
950;2012;Verdelho;14339;Brancas/Rosadas
956;2018;Verdelho;1800;Brancas/Rosadas
958;2020;Verdelho;1540;Brancas/Rosadas
959;2021;Verdelho;15503;Brancas/Rosadas
976;2006;Vermentino;1040;Brancas/Rosadas
977;2007;Vermentino;660;Brancas/Rosadas
978;2008;Vermentino;3090;Brancas/Rosadas
979;2009;Vermentino;1940;Brancas/Rosadas
980;2010;Vermentino;560;Brancas/Rosadas
981;2011;Vermentino;5480;Brancas/Rosadas
982;2012;Vermentino;4844;Brancas/Rosadas
983;2013;Vermentino;3220;Brancas/Rosadas
984;2014;Vermentino;1890;Brancas/Rosadas
985;2015;Vermentino;790;Brancas/Rosadas
992;2006;Vernaccia;34760;Brancas/Rosadas
993;2007;Vernaccia;32672;Brancas/Rosadas
994;2008;Vernaccia;21146;Brancas/Rosadas
995;2009;Vernaccia;14498;Brancas/Rosadas
996;2010;Vernaccia;6520;Brancas/Rosadas
997;2011;Vernaccia;4930;Brancas/Rosadas
998;2012;Vernaccia;3780;Brancas/Rosadas
999;2013;Vernaccia;7970;Brancas/Rosadas
1000;2014;Vernaccia;4150;Brancas/Rosadas
1001;2015;Vernaccia;4760;Brancas/Rosadas
1003;2017;Vernaccia;5100;Brancas/Rosadas
1004;2018;Vernaccia;4020;Brancas/Rosadas
1006;2020;Vernaccia;95680;Brancas/Rosadas
1008;2006;Viognier;16581;Brancas/Rosadas
1009;2007;Viognier;37628;Brancas/Rosadas
1010;2008;Viognier;41338;Brancas/Rosadas
1011;2009;Viognier;49935;Brancas/Rosadas
1012;2010;Viognier;76145;Brancas/Rosadas
1013;2011;Viognier;144979;Brancas/Rosadas
1014;2012;Viognier;200288;Brancas/Rosadas
1015;2013;Viognier;247081;Brancas/Rosadas
1016;2014;Viognier;149333;Brancas/Rosadas
1017;2015;Viognier;285217;Brancas/Rosadas
1018;2016;Viognier;95231;Brancas/Rosadas
1019;2017;Viognier;365103;Brancas/Rosadas
1020;2018;Viognier;470555;Brancas/Rosadas
1022;2020;Viognier;531026;Brancas/Rosadas
1023;2021;Viognier;78305;Brancas/Rosadas
1040;2006;Total;34162995;Tinto
1041;2007;Total;43653087;Tinto
1042;2008;Total;48852574;Tinto
1043;2009;Total;39148123;Tinto
1044;2010;Total;23633831;Tinto
1045;2011;Total;44473588;Tinto
1046;2012;Total;39303313;Tinto
1047;2013;Total;36855419;Tinto
1048;2014;Total;29810706;Tinto
1049;2015;Total;29935627;Tinto
1050;2016;Total;13370866;Tinto
1051;2017;Total;32850915;Tinto
1052;2018;Total;26868514;Tinto
1054;2020;Total;28003505;Tinto
1055;2021;Total;93296587;Tinto
1056;2006;Alicante Bouschet;1078887;Tinto
1057;2007;Alicante Bouschet;1775837;Tinto
1058;2008;Alicante Bouschet;1588326;Tinto
1059;2009;Alicante Bouschet;1652912;Tinto
1060;2010;Alicante Bouschet;849263;Tinto
1061;2011;Alicante Bouschet;2130579;Tinto
1062;2012;Alicante Bouschet;2098824;Tinto
1063;2013;Alicante Bouschet;1524728;Tinto
1064;2014;Alicante Bouschet;1456305;Tinto
1065;2015;Alicante Bouschet;1519576;Tinto
1066;2016;Alicante Bouschet;908841;Tinto
1067;2017;Alicante Bouschet;2040198;Tinto
1068;2018;Alicante Bouschet;2103844;Tinto
1070;2020;Alicante Bouschet;2272985;Tinto
1071;2021;Alicante Bouschet;811140;Tinto
1072;2006;Ancelota;872741;Tinto
1073;2007;Ancelota;1532209;Tinto
1074;2008;Ancelota;1709883;Tinto
1075;2009;Ancelota;1370728;Tinto
1076;2010;Ancelota;853718;Tinto
1077;2011;Ancelota;1346552;Tinto
1078;2012;Ancelota;1274677;Tinto
1079;2013;Ancelota;1137943;Tinto
1080;2014;Ancelota;937844;Tinto
1081;2015;Ancelota;773526;Tinto
1082;2016;Ancelota;179028;Tinto
1083;2017;Ancelota;733907;Tinto
1084;2018;Ancelota;492106;Tinto
1086;2020;Ancelota;481402;Tinto
1087;2021;Ancelota;6513974;Tinto
1104;2006;Alfrocheiro;43396;Tinto
1105;2007;Alfrocheiro;20509;Tinto
1106;2008;Alfrocheiro;25310;Tinto
1107;2009;Alfrocheiro;31168;Tinto
1109;2011;Alfrocheiro;4320;Tinto
1120;2006;Arinarnoa;11480;Tinto
1121;2007;Arinarnoa;24878;Tinto
1122;2008;Arinarnoa;12686;Tinto
1123;2009;Arinarnoa;39607;Tinto
1124;2010;Arinarnoa;35790;Tinto
1125;2011;Arinarnoa;49376;Tinto
1126;2012;Arinarnoa;81026;Tinto
1127;2013;Arinarnoa;65001;Tinto
1128;2014;Arinarnoa;56666;Tinto
1129;2015;Arinarnoa;61817;Tinto
1130;2016;Arinarnoa;17691;Tinto
1131;2017;Arinarnoa;69757;Tinto
1132;2018;Arinarnoa;44775;Tinto
1134;2020;Arinarnoa;90860;Tinto
1135;2021;Arinarnoa;2785609;Tinto
1141;2011;Aspirant Bouschet;2258;Tinto
1142;2012;Aspirant Bouschet;7448;Tinto
1143;2013;Aspirant Bouschet;3650;Tinto
1144;2014;Aspirant Bouschet;7091;Tinto
1145;2015;Aspirant Bouschet;8859;Tinto
1146;2016;Aspirant Bouschet;12901;Tinto
1147;2017;Aspirant Bouschet;18086;Tinto
1148;2018;Aspirant Bouschet;12830;Tinto
1150;2020;Aspirant Bouschet;34513;Tinto
1151;2021;Aspirant Bouschet;15691137;Tinto
1152;2006;Barbera;57116;Tinto
1153;2007;Barbera;68946;Tinto
1154;2008;Barbera;92279;Tinto
1155;2009;Barbera;70932;Tinto
1156;2010;Barbera;26044;Tinto
1157;2011;Barbera;76397;Tinto
1158;2012;Barbera;47549;Tinto
1159;2013;Barbera;40630;Tinto
1160;2014;Barbera;19514;Tinto
1161;2015;Barbera;19980;Tinto
1162;2016;Barbera;14738;Tinto
1163;2017;Barbera;24218;Tinto
1164;2018;Barbera;21863;Tinto
1166;2020;Barbera;12349;Tinto
1167;2021;Barbera;437640;Tinto
1168;2006;Bonarda;3843;Tinto
1169;2007;Bonarda;6207;Tinto
1170;2008;Bonarda;7640;Tinto
1171;2009;Bonarda;2320;Tinto
1173;2011;Bonarda;250;Tinto
1174;2012;Bonarda;1114;Tinto
1183;2021;Bonarda;3110;Tinto
1184;2006;Cabernet Franc;3285083;Tinto
1185;2007;Cabernet Franc;4081725;Tinto
1186;2008;Cabernet Franc;4008067;Tinto
1187;2009;Cabernet Franc;3365865;Tinto
1188;2010;Cabernet Franc;2125997;Tinto
1189;2011;Cabernet Franc;2741150;Tinto
1190;2012;Cabernet Franc;2594675;Tinto
1191;2013;Cabernet Franc;2452229;Tinto
1192;2014;Cabernet Franc;1894496;Tinto
1193;2015;Cabernet Franc;1981004;Tinto
1194;2016;Cabernet Franc;820996;Tinto
1195;2017;Cabernet Franc;2116893;Tinto
1196;2018;Cabernet Franc;1524191;Tinto
1198;2020;Cabernet Franc;1506219;Tinto
1199;2021;Cabernet Franc;16626545;Tinto
1200;2006;Cabernet Sauvignon;12063009;Tinto
1201;2007;Cabernet Sauvignon;14489153;Tinto
1202;2008;Cabernet Sauvignon;16646632;Tinto
1203;2009;Cabernet Sauvignon;13229864;Tinto
1204;2010;Cabernet Sauvignon;6617553;Tinto
1205;2011;Cabernet Sauvignon;13039126;Tinto
1206;2012;Cabernet Sauvignon;11355820;Tinto
1207;2013;Cabernet Sauvignon;10651084;Tinto
1208;2014;Cabernet Sauvignon;8556337;Tinto
1209;2015;Cabernet Sauvignon;7426634;Tinto
1210;2016;Cabernet Sauvignon;3877852;Tinto
1211;2017;Cabernet Sauvignon;7242258;Tinto
1212;2018;Cabernet Sauvignon;6004627;Tinto
1214;2020;Cabernet Sauvignon;5889427;Tinto
1215;2021;Cabernet Sauvignon;1857999;Tinto
1216;2006;Caladoc;240;Tinto
1217;2007;Caladoc;1100;Tinto
1223;2013;Caladoc;2480;Tinto
1224;2014;Caladoc;3300;Tinto
1225;2015;Caladoc;4000;Tinto
1226;2016;Caladoc;2180;Tinto
1227;2017;Caladoc;8500;Tinto
1228;2018;Caladoc;4740;Tinto
1230;2020;Caladoc;5230;Tinto
1231;2021;Caladoc;108600;Tinto
1280;2006;Carmenere;234940;Tinto
1281;2007;Carmenere;328254;Tinto
1282;2008;Carmenere;223269;Tinto
1283;2009;Carmenere;130269;Tinto
1284;2010;Carmenere;85264;Tinto
1285;2011;Carmenere;50125;Tinto
1286;2012;Carmenere;48990;Tinto
1287;2013;Carmenere;44414;Tinto
1288;2014;Carmenere;66632;Tinto
1289;2015;Carmenere;134180;Tinto
1290;2016;Carmenere;87402;Tinto
1291;2017;Carmenere;69275;Tinto
1292;2018;Carmenere;241808;Tinto
1294;2020;Carmenere;184268;Tinto
1295;2021;Carmenere;76625;Tinto
1296;2006;Castelão;494;Tinto
1297;2007;Castelão;487;Tinto
1298;2008;Castelão;23252;Tinto
1299;2009;Castelão;16240;Tinto
1300;2010;Castelão;16230;Tinto
1301;2011;Castelão;26790;Tinto
1314;2008;Corvina;710;Tinto
1315;2009;Corvina;680;Tinto
1316;2010;Corvina;100;Tinto
1317;2011;Corvina;1110;Tinto
1318;2012;Corvina;1200;Tinto
1319;2013;Corvina;1382;Tinto
1320;2014;Corvina;1406;Tinto
1321;2015;Corvina;1397;Tinto
1322;2016;Corvina;419;Tinto
1323;2017;Corvina;1890;Tinto
1326;2020;Corvina;2220;Tinto
1327;2021;Corvina;69910;Tinto
1328;2006;Croatina;3012;Tinto
1329;2007;Croatina;4700;Tinto
1355;2017;Cinsaut;3430;Tinto
1361;2007;Dom Felder;17590;Tinto
1408;2006;Egiodola;899584;Tinto
1409;2007;Egiodola;1265676;Tinto
1410;2008;Egiodola;1366406;Tinto
1411;2009;Egiodola;1157679;Tinto
1412;2010;Egiodola;845205;Tinto
1413;2011;Egiodola;1544746;Tinto
1414;2012;Egiodola;992241;Tinto
1415;2013;Egiodola;1059250;Tinto
1416;2014;Egiodola;911280;Tinto
1417;2015;Egiodola;1053654;Tinto
1418;2016;Egiodola;519874;Tinto
1419;2017;Egiodola;1567341;Tinto
1420;2018;Egiodola;1047960;Tinto
1422;2020;Egiodola;1067591;Tinto
1423;2021;Egiodola;6322152;Tinto
1426;2008;Ekigaina;1720;Tinto
1429;2011;Ekigaina;1350;Tinto
1430;2012;Ekigaina;2630;Tinto
1431;2013;Ekigaina;1720;Tinto
1432;2014;Ekigaina;600;Tinto
1433;2015;Ekigaina;1090;Tinto
1435;2017;Ekigaina;1340;Tinto
1436;2018;Ekigaina;2070;Tinto
1438;2020;Ekigaina;1990;Tinto
1439;2021;Ekigaina;2202348;Tinto
1445;2011;Festival (Sugraone);18007;Tinto
1457;2007;Franconia;3633;Tinto
1460;2010;Franconia;9310;Tinto
1473;2007;Freisa;6727;Tinto
1480;2014;Freisa;41403;Tinto
1481;2015;Freisa;24452;Tinto
1483;2017;Freisa;22610;Tinto
1484;2018;Freisa;14020;Tinto
1486;2020;Freisa;25330;Tinto
1488;2006;Gamay St Romain;22755;Tinto
1489;2007;Gamay St Romain;45266;Tinto
1490;2008;Gamay St Romain;59576;Tinto
1491;2009;Gamay St Romain;38260;Tinto
1492;2010;Gamay St Romain;44153;Tinto
1493;2011;Gamay St Romain;20830;Tinto
1494;2012;Gamay St Romain;10995;Tinto
1495;2013;Gamay St Romain;11615;Tinto
1496;2014;Gamay St Romain;11180;Tinto
1497;2015;Gamay St Romain;31935;Tinto
1499;2017;Gamay St Romain;12835;Tinto
1500;2018;Gamay St Romain;12675;Tinto
1504;2006;Gamay Beaujolais;249021;Tinto
1505;2007;Gamay Beaujolais;320115;Tinto
1506;2008;Gamay Beaujolais;316366;Tinto
1507;2009;Gamay Beaujolais;208276;Tinto
1508;2010;Gamay Beaujolais;84074;Tinto
1509;2011;Gamay Beaujolais;164201;Tinto
1510;2012;Gamay Beaujolais;163664;Tinto
1511;2013;Gamay Beaujolais;135405;Tinto
1512;2014;Gamay Beaujolais;113038;Tinto
1513;2015;Gamay Beaujolais;121516;Tinto
1514;2016;Gamay Beaujolais;45952;Tinto
1515;2017;Gamay Beaujolais;150331;Tinto
1516;2018;Gamay Beaujolais;152384;Tinto
1518;2020;Gamay Beaujolais;143278;Tinto
1519;2021;Gamay Beaujolais;5375879;Tinto
1541;2011;Grenache;1180;Tinto
1550;2020;Grenache;1130;Tinto
1551;2021;Grenache;1715870;Tinto
1552;2006;Jaen;4290;Tinto
1553;2007;Jaen;215;Tinto
1554;2008;Jaen;1037;Tinto
1555;2009;Jaen;3642;Tinto
1569;2007;Lagrein;190;Tinto
1570;2008;Lagrein;420;Tinto
1571;2009;Lagrein;670;Tinto
1572;2010;Lagrein;5670;Tinto
1573;2011;Lagrein;3288;Tinto
1574;2012;Lagrein;800;Tinto
1575;2013;Lagrein;15300;Tinto
1576;2014;Lagrein;750;Tinto
1577;2015;Lagrein;1400;Tinto
1579;2017;Lagrein;1430;Tinto
1580;2018;Lagrein;2700;Tinto
1582;2020;Lagrein;3020;Tinto
1583;2021;Lagrein;94970;Tinto
1584;2006;Lambrusco;75631;Tinto
1585;2007;Lambrusco;96068;Tinto
1586;2008;Lambrusco;113388;Tinto
1587;2009;Lambrusco;111537;Tinto
1588;2010;Lambrusco;68480;Tinto
1589;2011;Lambrusco;94480;Tinto
1590;2012;Lambrusco;52740;Tinto
1591;2013;Lambrusco;56120;Tinto
1592;2014;Lambrusco;29890;Tinto
1593;2015;Lambrusco;39990;Tinto
1594;2016;Lambrusco;19784;Tinto
1595;2017;Lambrusco;61779;Tinto
1596;2018;Lambrusco;44511;Tinto
1598;2020;Lambrusco;29320;Tinto
1599;2021;Lambrusco;3221972;Tinto
1600;2006;Malbec;148733;Tinto
1601;2007;Malbec;399928;Tinto
1602;2008;Malbec;414138;Tinto
1603;2009;Malbec;393256;Tinto
1604;2010;Malbec;318059;Tinto
1605;2011;Malbec;636608;Tinto
1606;2012;Malbec;629019;Tinto
1607;2013;Malbec;590041;Tinto
1608;2014;Malbec;616160;Tinto
1609;2015;Malbec;624096;Tinto
1610;2016;Malbec;267885;Tinto
1611;2017;Malbec;740327;Tinto
1612;2018;Malbec;628780;Tinto
1614;2020;Malbec;493966;Tinto
1615;2021;Malbec;8502206;Tinto
1616;2006;Marzemina;9185;Tinto
1621;2011;Marzemina;5460;Tinto
1624;2014;Marzemina;4180;Tinto
1625;2015;Marzemina;750;Tinto
1632;2006;Merlot;8449561;Tinto
1633;2007;Merlot;11399362;Tinto
1634;2008;Merlot;11866618;Tinto
1635;2009;Merlot;8876279;Tinto
1636;2010;Merlot;6179006;Tinto
1637;2011;Merlot;12510489;Tinto
1638;2012;Merlot;9645204;Tinto
1639;2013;Merlot;10179782;Tinto
1640;2014;Merlot;7846034;Tinto
1641;2015;Merlot;8030882;Tinto
1642;2016;Merlot;3286035;Tinto
1643;2017;Merlot;8309646;Tinto
1644;2018;Merlot;6257492;Tinto
1646;2020;Merlot;6010486;Tinto
1647;2021;Merlot;494356;Tinto
1648;2006;Marselan;66815;Tinto
1649;2007;Marselan;109574;Tinto
1650;2008;Marselan;181823;Tinto
1651;2009;Marselan;228360;Tinto
1652;2010;Marselan;200025;Tinto
1653;2011;Marselan;339023;Tinto
1654;2012;Marselan;261314;Tinto
1655;2013;Marselan;345504;Tinto
1656;2014;Marselan;404323;Tinto
1657;2015;Marselan;411105;Tinto
1658;2016;Marselan;205095;Tinto
1659;2017;Marselan;385945;Tinto
1660;2018;Marselan;384278;Tinto
1662;2020;Marselan;449156;Tinto
1663;2021;Marselan;154348;Tinto
1666;2008;Molinera;692;Tinto
1667;2009;Molinera;650;Tinto
1668;2010;Molinera;100;Tinto
1669;2011;Molinera;1080;Tinto
1670;2012;Molinera;990;Tinto
1671;2013;Molinera;1009;Tinto
1672;2014;Molinera;1023;Tinto
1673;2015;Molinera;1080;Tinto
1674;2016;Molinera;324;Tinto
1675;2017;Molinera;1480;Tinto
1676;2018;Molinera;1900;Tinto
1678;2020;Molinera;2198;Tinto
1679;2021;Molinera;569;Tinto
1680;2006;Montepulciano;24390;Tinto
1681;2007;Montepulciano;30820;Tinto
1682;2008;Montepulciano;34060;Tinto
1683;2009;Montepulciano;21190;Tinto
1684;2010;Montepulciano;17959;Tinto
1685;2011;Montepulciano;21115;Tinto
1686;2012;Montepulciano;27678;Tinto
1687;2013;Montepulciano;41888;Tinto
1688;2014;Montepulciano;26280;Tinto
1689;2015;Montepulciano;25640;Tinto
1690;2016;Montepulciano;13330;Tinto
1691;2017;Montepulciano;28008;Tinto
1692;2018;Montepulciano;23306;Tinto
1694;2020;Montepulciano;22968;Tinto
1695;2021;Montepulciano;28485;Tinto
1708;2018;Moscato Bailey;152136;Tinto
1710;2020;Moscato Bailey;206348;Tinto
1711;2021;Moscato Bailey;3541181;Tinto
1712;2006;Napa Gamay;114690;Tinto
1713;2007;Napa Gamay;175040;Tinto
1714;2008;Napa Gamay;179050;Tinto
1715;2009;Napa Gamay;74640;Tinto
1717;2011;Napa Gamay;31410;Tinto
1718;2012;Napa Gamay;86650;Tinto
1719;2013;Napa Gamay;55550;Tinto
1720;2014;Napa Gamay;16380;Tinto
1721;2015;Napa Gamay;8970;Tinto
1728;2006;Nebbiolo;11082;Tinto
1729;2007;Nebbiolo;13971;Tinto
1730;2008;Nebbiolo;10019;Tinto
1731;2009;Nebbiolo;14148;Tinto
1732;2010;Nebbiolo;11986;Tinto
1733;2011;Nebbiolo;21342;Tinto
1734;2012;Nebbiolo;37530;Tinto
1735;2013;Nebbiolo;9327;Tinto
1736;2014;Nebbiolo;7223;Tinto
1737;2015;Nebbiolo;12754;Tinto
1738;2016;Nebbiolo;3117;Tinto
1739;2017;Nebbiolo;5494;Tinto
1740;2018;Nebbiolo;9236;Tinto
1742;2020;Nebbiolo;8642;Tinto
1743;2021;Nebbiolo;254738;Tinto
1744;2006;Petit Verdot;45425;Tinto
1745;2007;Petit Verdot;57029;Tinto
1746;2008;Petit Verdot;50933;Tinto
1747;2009;Petit Verdot;56031;Tinto
1748;2010;Petit Verdot;109942;Tinto
1749;2011;Petit Verdot;127549;Tinto
1750;2012;Petit Verdot;102402;Tinto
1751;2013;Petit Verdot;167522;Tinto
1752;2014;Petit Verdot;75010;Tinto
1753;2015;Petit Verdot;135770;Tinto
1754;2016;Petit Verdot;116266;Tinto
1755;2017;Petit Verdot;230640;Tinto
1756;2018;Petit Verdot;83552;Tinto
1758;2020;Petit Verdot;228503;Tinto
1759;2021;Petit Verdot;277189;Tinto
1760;2006;Petite Sirah;87550;Tinto
1761;2007;Petite Sirah;99577;Tinto
1762;2008;Petite Sirah;77759;Tinto
1763;2009;Petite Sirah;121525;Tinto
1764;2010;Petite Sirah;29457;Tinto
1765;2011;Petite Sirah;98861;Tinto
1766;2012;Petite Sirah;149196;Tinto
1767;2013;Petite Sirah;105934;Tinto
1768;2014;Petite Sirah;47834;Tinto
1769;2015;Petite Sirah;48483;Tinto
1770;2016;Petite Sirah;24564;Tinto
1771;2017;Petite Sirah;92818;Tinto
1772;2018;Petite Sirah;110361;Tinto
1774;2020;Petite Sirah;174949;Tinto
1775;2021;Petite Sirah;198152;Tinto
1776;2006;Pinotage;996781;Tinto
1777;2007;Pinotage;1113861;Tinto
1778;2008;Pinotage;1578657;Tinto
1779;2009;Pinotage;978575;Tinto
1780;2010;Pinotage;644072;Tinto
1781;2011;Pinotage;1075863;Tinto
1782;2012;Pinotage;863296;Tinto
1783;2013;Pinotage;816883;Tinto
1784;2014;Pinotage;479202;Tinto
1785;2015;Pinotage;560195;Tinto
1786;2016;Pinotage;119773;Tinto
1787;2017;Pinotage;474105;Tinto
1788;2018;Pinotage;398794;Tinto
1790;2020;Pinotage;302532;Tinto
1791;2021;Pinotage;1281674;Tinto
1792;2006;Pinot Noir;1161465;Tinto
1793;2007;Pinot Noir;1270351;Tinto
1794;2008;Pinot Noir;1930823;Tinto
1795;2009;Pinot Noir;1387200;Tinto
1796;2010;Pinot Noir;1309849;Tinto
1797;2011;Pinot Noir;2513274;Tinto
1798;2012;Pinot Noir;2799071;Tinto
1799;2013;Pinot Noir;2392357;Tinto
1800;2014;Pinot Noir;2592701;Tinto
1801;2015;Pinot Noir;3125882;Tinto
1802;2016;Pinot Noir;1279105;Tinto
1803;2017;Pinot Noir;3676000;Tinto
1804;2018;Pinot Noir;3240209;Tinto
1806;2020;Pinot Noir;3588106;Tinto
1807;2021;Pinot Noir;6184345;Tinto
1808;2006;Pinot Saint George;48830;Tinto
1809;2007;Pinot Saint George;72560;Tinto
1810;2008;Pinot Saint George;28170;Tinto
1811;2009;Pinot Saint George;29180;Tinto
1813;2011;Pinot Saint George;7600;Tinto
1814;2012;Pinot Saint George;20920;Tinto
1815;2013;Pinot Saint George;14120;Tinto
1816;2014;Pinot Saint George;2480;Tinto
1824;2006;Piriquita;12845;Tinto
1840;2006;Rebo;550;Tinto
1841;2007;Rebo;3000;Tinto
1842;2008;Rebo;7610;Tinto
1843;2009;Rebo;4240;Tinto
1844;2010;Rebo;1650;Tinto
1845;2011;Rebo;27620;Tinto
1846;2012;Rebo;16440;Tinto
1847;2013;Rebo;19780;Tinto
1848;2014;Rebo;13420;Tinto
1849;2015;Rebo;22290;Tinto
1850;2016;Rebo;12470;Tinto
1851;2017;Rebo;44440;Tinto
1852;2018;Rebo;94480;Tinto
1854;2020;Rebo;177172;Tinto
1855;2021;Rebo;15912;Tinto
1856;2006;Refosco;26537;Tinto
1857;2007;Refosco;17415;Tinto
1858;2008;Refosco;59340;Tinto
1859;2009;Refosco;10430;Tinto
1860;2010;Refosco;9466;Tinto
1861;2011;Refosco;18705;Tinto
1862;2012;Refosco;12120;Tinto
1863;2013;Refosco;12080;Tinto
1864;2014;Refosco;13240;Tinto
1865;2015;Refosco;9310;Tinto
1866;2016;Refosco;3260;Tinto
1867;2017;Refosco;5240;Tinto
1868;2018;Refosco;7320;Tinto
1871;2021;Refosco;380;Tinto
1874;2008;Rondinella;668;Tinto
1875;2009;Rondinella;648;Tinto
1876;2010;Rondinella;100;Tinto
1877;2011;Rondinella;1150;Tinto
1878;2012;Rondinella;1020;Tinto
1879;2013;Rondinella;1089;Tinto
1880;2014;Rondinella;1053;Tinto
1881;2015;Rondinella;1110;Tinto
1882;2016;Rondinella;333;Tinto
1883;2017;Rondinella;1899;Tinto
1884;2018;Rondinella;1990;Tinto
1886;2020;Rondinella;2340;Tinto
1887;2021;Rondinella;684860;Tinto
1888;2006;Ruby Cabernet;654931;Tinto
1889;2007;Ruby Cabernet;782800;Tinto
1890;2008;Ruby Cabernet;679484;Tinto
1891;2009;Ruby Cabernet;532095;Tinto
1892;2010;Ruby Cabernet;379720;Tinto
1893;2011;Ruby Cabernet;582497;Tinto
1894;2012;Ruby Cabernet;470683;Tinto
1895;2013;Ruby Cabernet;526124;Tinto
1896;2014;Ruby Cabernet;486527;Tinto
1897;2015;Ruby Cabernet;388019;Tinto
1898;2016;Ruby Cabernet;220231;Tinto
1899;2017;Ruby Cabernet;382994;Tinto
1900;2018;Ruby Cabernet;248992;Tinto
1902;2020;Ruby Cabernet;218783;Tinto
1903;2021;Ruby Cabernet;78412;Tinto
1904;2006;Sangiovese;133402;Tinto
1905;2007;Sangiovese;115475;Tinto
1906;2008;Sangiovese;405224;Tinto
1907;2009;Sangiovese;303438;Tinto
1908;2010;Sangiovese;258484;Tinto
1909;2011;Sangiovese;359833;Tinto
1910;2012;Sangiovese;280756;Tinto
1911;2013;Sangiovese;277679;Tinto
1912;2014;Sangiovese;122632;Tinto
1913;2015;Sangiovese;135962;Tinto
1914;2016;Sangiovese;26601;Tinto
1915;2017;Sangiovese;89404;Tinto
1916;2018;Sangiovese;63832;Tinto
1918;2020;Sangiovese;85292;Tinto
1919;2021;Sangiovese;3324793;Tinto
1922;2008;Sira (falsa);14145;Tinto
1936;2006;Tannat;3055931;Tinto
1937;2007;Tannat;3514880;Tinto
1938;2008;Tannat;4711255;Tinto
1939;2009;Tannat;4199190;Tinto
1940;2010;Tannat;2266985;Tinto
1941;2011;Tannat;4152135;Tinto
1942;2012;Tannat;4585214;Tinto
1943;2013;Tannat;3612439;Tinto
1944;2014;Tannat;2644014;Tinto
1945;2015;Tannat;2761604;Tinto
1946;2016;Tannat;985207;Tinto
1947;2017;Tannat;3668851;Tinto
1948;2018;Tannat;2940306;Tinto
1950;2020;Tannat;3571972;Tinto
1951;2021;Tannat;2634802;Tinto
1952;2006;Tempranillo;111158;Tinto
1953;2007;Tempranillo;192063;Tinto
1954;2008;Tempranillo;241017;Tinto
1955;2009;Tempranillo;242484;Tinto
1956;2010;Tempranillo;63526;Tinto
1957;2011;Tempranillo;256836;Tinto
1958;2012;Tempranillo;283929;Tinto
1959;2013;Tempranillo;219163;Tinto
1960;2014;Tempranillo;119398;Tinto
1961;2015;Tempranillo;182579;Tinto
1962;2016;Tempranillo;210551;Tinto
1963;2017;Tempranillo;357637;Tinto
1964;2018;Tempranillo;278456;Tinto
1966;2020;Tempranillo;442330;Tinto
1967;2021;Tempranillo;968038;Tinto
1968;2006;Teroldego;51645;Tinto
1969;2007;Teroldego;61659;Tinto
1970;2008;Teroldego;69876;Tinto
1971;2009;Teroldego;105372;Tinto
1972;2010;Teroldego;68593;Tinto
1973;2011;Teroldego;179095;Tinto
1974;2012;Teroldego;157368;Tinto
1975;2013;Teroldego;124542;Tinto
1976;2014;Teroldego;87820;Tinto
1977;2015;Teroldego;97455;Tinto
1978;2016;Teroldego;34019;Tinto
1979;2017;Teroldego;87034;Tinto
1980;2018;Teroldego;77625;Tinto
1982;2020;Teroldego;106764;Tinto
1983;2021;Teroldego;717757;Tinto
1990;2012;Torrontes;4300;Tinto
1991;2013;Torrontes;3090;Tinto
1992;2014;Torrontes;9580;Tinto
1993;2015;Torrontes;10070;Tinto
1994;2016;Torrontes;1490;Tinto
1995;2017;Torrontes;14630;Tinto
1996;2018;Torrontes;16350;Tinto
1998;2020;Torrontes;9700;Tinto
2001;2007;Tinta Barroca;6520;Tinto
2002;2008;Tinta Barroca;12870;Tinto
2003;2009;Tinta Barroca;6710;Tinto
2032;2006;Touriga Nacional;42376;Tinto
2033;2007;Touriga Nacional;127462;Tinto
2034;2008;Touriga Nacional;101376;Tinto
2035;2009;Touriga Nacional;131833;Tinto
2036;2010;Touriga Nacional;97629;Tinto
2037;2011;Touriga Nacional;189928;Tinto
2038;2012;Touriga Nacional;133820;Tinto
2039;2013;Touriga Nacional;136565;Tinto
2040;2014;Touriga Nacional;86460;Tinto
2041;2015;Touriga Nacional;136611;Tinto
2042;2016;Touriga Nacional;53552;Tinto
2043;2017;Touriga Nacional;108245;Tinto
2044;2018;Touriga Nacional;122015;Tinto
2046;2020;Touriga Nacional;150166;Tinto
2047;2021;Touriga Nacional;38910;Tinto
2080;2006;Trincdeira;3591;Tinto
2081;2007;Trincdeira;255;Tinto
2116;2010;Zinfandel;372;Tinto
