Pais;Ano;Quantidade
Afghanistan;2006;900.0
Afghanistan;2007;1000.0
Afghanistan;2008;100.0
Afghanistan;2009;300.0
Afghanistan;2010;200.0
Afghanistan;2011;100.0
Afghanistan;2012;100.0
Afghanistan;2013;0.0
Afghanistan;2014;100.0
Afghanistan;2015;100.0
Afghanistan;2016;100.0
Afghanistan;2017;100.0
Afghanistan;2018;100.0
Afghanistan;2019;100.0
Afghanistan;2020;100.0
Afghanistan;2021;100.0
Albania;2006;1900.0
Albania;2007;2300.0
Albania;2008;2400.0
Albania;2009;2500.0
Albania;2010;2500.0
Albania;2011;2700.0
Albania;2012;2600.0
Albania;2013;2200.0
Albania;2014;1600.0
Albania;2015;8400.0
Albania;2016;4100.0
Albania;2017;4700.0
Albania;2018;4600.0
Albania;2019;4900.0
Albania;2020;4100.0
Albania;2021;5500.0
Algeria;2006;900.0
Algeria;2007;700.0
Algeria;2008;2900.0
Algeria;2009;2500.0
Algeria;2010;1700.0
Algeria;2011;2400.0
Algeria;2012;3800.0
Algeria;2013;5600.0
Algeria;2014;7500.0
Algeria;2015;8500.0
Algeria;2016;11300.0
Algeria;2017;9000.0
Algeria;2018;9400.0
Algeria;2019;5800.0
Algeria;2020;8500.0
Algeria;2021;10900.0
American Samoa;2006;0.0
American Samoa;2007;0.0
American Samoa;2008;0.0
American Samoa;2009;0.0
American Samoa;2010;100.0
American Samoa;2011;0.0
American Samoa;2012;0.0
American Samoa;2013;0.0
American Samoa;2014;0.0
American Samoa;2015;0.0
American Samoa;2016;0.0
American Samoa;2017;0.0
American Samoa;2018;0.0
American Samoa;2019;0.0
American Samoa;2020;100.0
American Samoa;2021;0.0
Angola;2006;97000.0
Angola;2007;102800.0
Angola;2008;116000.0
Angola;2009;79800.0
Angola;2010;86800.0
Angola;2011;94800.0
Angola;2012;103100.0
Angola;2013;100300.0
Angola;2014;168600.0
Angola;2015;101500.0
Angola;2016;85000.0
Angola;2017;127000.0
Angola;2018;41700.0
Angola;2019;35300.0
Angola;2020;26700.0
Angola;2021;21800.0
Antigua and Barbuda;2006;1000.0
Antigua and Barbuda;2007;1000.0
Antigua and Barbuda;2008;800.0
Antigua and Barbuda;2009;700.0
Antigua and Barbuda;2010;800.0
Antigua and Barbuda;2011;800.0
Antigua and Barbuda;2012;1500.0
Antigua and Barbuda;2013;1900.0
Antigua and Barbuda;2014;1900.0
Antigua and Barbuda;2015;1300.0
Antigua and Barbuda;2016;2800.0
Antigua and Barbuda;2017;2300.0
Antigua and Barbuda;2018;2500.0
Antigua and Barbuda;2019;1500.0
Antigua and Barbuda;2020;1500.0
Antigua and Barbuda;2021;1500.0
Argentina;2006;200.0
Argentina;2007;400.0
Argentina;2008;400.0
Argentina;2009;11300.0
Argentina;2010;28800.0
Argentina;2011;7400.0
Argentina;2012;600.0
Argentina;2013;700.0
Argentina;2014;300.0
Argentina;2015;500.0
Argentina;2016;9300.0
Argentina;2017;81000.0
Argentina;2018;2600.0
Argentina;2019;200.0
Argentina;2020;300.0
Argentina;2021;200.0
Armenia;2006;200.0
Armenia;2007;200.0
Armenia;2008;200.0
Armenia;2009;100.0
Armenia;2010;500.0
Armenia;2011;600.0
Armenia;2012;400.0
Armenia;2013;400.0
Armenia;2014;300.0
Armenia;2015;400.0
Armenia;2016;300.0
Armenia;2017;500.0
Armenia;2018;400.0
Armenia;2019;500.0
Armenia;2020;700.0
Armenia;2021;600.0
Aruba;2006;2100.0
Aruba;2007;2200.0
Aruba;2008;2600.0
Aruba;2009;2200.0
Aruba;2010;2200.0
Aruba;2011;3000.0
Aruba;2012;3200.0
Aruba;2013;3000.0
Aruba;2014;3200.0
Aruba;2015;3400.0
Aruba;2016;3200.0
Aruba;2017;3400.0
Aruba;2018;3300.0
Aruba;2019;3600.0
Aruba;2020;2100.0
Aruba;2021;3000.0
Australia;2006;29800.0
Australia;2007;34800.0
Australia;2008;65300.0
Australia;2009;62200.0
Australia;2010;67900.0
Australia;2011;67600.0
Australia;2012;83100.0
Australia;2013;83000.0
Australia;2014;81800.0
Australia;2015;91400.0
Australia;2016;86700.0
Australia;2017;92800.0
Australia;2018;98600.0
Australia;2019;102300.0
Australia;2020;121700.0
Australia;2021;116500.0
Austria;2006;67400.0
Austria;2007;76500.0
Austria;2008;63300.0
Austria;2009;62600.0
Austria;2010;74800.0
Austria;2011;92000.0
Austria;2012;77600.0
Austria;2013;78400.0
Austria;2014;78100.0
Austria;2015;73600.0
Austria;2016;82400.0
Austria;2017;86700.0
Austria;2018;69900.0
Austria;2019;48400.0
Austria;2020;71800.0
Austria;2021;75000.0
Azerbaijan;2006;200.0
Azerbaijan;2007;600.0
Azerbaijan;2008;300.0
Azerbaijan;2009;200.0
Azerbaijan;2010;100.0
Azerbaijan;2011;300.0
Azerbaijan;2012;300.0
Azerbaijan;2013;300.0
Azerbaijan;2014;200.0
Azerbaijan;2015;100.0
Azerbaijan;2016;400.0
Azerbaijan;2017;700.0
Azerbaijan;2018;300.0
Azerbaijan;2019;400.0
Azerbaijan;2020;400.0
Azerbaijan;2021;500.0
Bahamas;2006;3300.0
Bahamas;2007;3600.0
Bahamas;2008;3400.0
Bahamas;2009;3000.0
Bahamas;2010;3100.0
Bahamas;2011;3000.0
Bahamas;2012;3900.0
Bahamas;2013;2800.0
Bahamas;2014;3300.0
Bahamas;2015;3900.0
Bahamas;2016;3800.0
Bahamas;2017;3400.0
Bahamas;2018;3700.0
Bahamas;2019;4100.0
Bahamas;2020;3500.0
Bahamas;2021;3500.0
Bahrain;2006;1800.0
Bahrain;2007;2200.0
Bahrain;2008;2000.0
Bahrain;2009;2700.0
Bahrain;2010;2500.0
Bahrain;2011;2700.0
Bahrain;2012;700.0
Bahrain;2013;2500.0
Bahrain;2014;1300.0
Bahrain;2015;1500.0
Bahrain;2016;1200.0
Bahrain;2017;2900.0
Bahrain;2018;1300.0
Bahrain;2019;1300.0
Bahrain;2020;1900.0
Bahrain;2021;1200.0
Bangladesh;2006;100.0
Bangladesh;2007;200.0
Bangladesh;2008;200.0
Bangladesh;2009;100.0
Bangladesh;2010;100.0
Bangladesh;2011;100.0
Bangladesh;2012;100.0
Bangladesh;2013;100.0
Bangladesh;2014;300.0
Bangladesh;2015;100.0
Bangladesh;2016;100.0
Bangladesh;2017;0.0
Bangladesh;2018;100.0
Bangladesh;2019;100.0
Bangladesh;2020;100.0
Bangladesh;2021;100.0
Barbados;2006;2100.0
Barbados;2007;2000.0
Barbados;2008;2600.0
Barbados;2009;2200.0
Barbados;2010;2300.0
Barbados;2011;2100.0
Barbados;2012;2200.0
Barbados;2013;2400.0
Barbados;2014;2300.0
Barbados;2015;3600.0
Barbados;2016;3400.0
Barbados;2017;2700.0
Barbados;2018;2900.0
Barbados;2019;2700.0
Barbados;2020;2000.0
Barbados;2021;2000.0
Belarus;2006;41700.0
Belarus;2007;42000.0
Belarus;2008;41400.0
Belarus;2009;42700.0
Belarus;2010;48400.0
Belarus;2011;46900.0
Belarus;2012;51300.0
Belarus;2013;53500.0
Belarus;2014;52000.0
Belarus;2015;50300.0
Belarus;2016;48500.0
Belarus;2017;57600.0
Belarus;2018;57100.0
Belarus;2019;68100.0
Belarus;2020;69900.0
Belarus;2021;66400.0
Belgium;2006;293800.0
Belgium;2007;310600.0
Belgium;2008;309700.0
Belgium;2009;306100.0
Belgium;2010;298400.0
Belgium;2011;315800.0
Belgium;2012;313300.0
Belgium;2013;316600.0
Belgium;2014;311800.0
Belgium;2015;311000.0
Belgium;2016;312000.0
Belgium;2017;314200.0
Belgium;2018;303000.0
Belgium;2019;307800.0
Belgium;2020;310900.0
Belgium;2021;349700.0
Belgium and Luxemburg;2006;0.0
Belgium and Luxemburg;2007;0.0
Belgium and Luxemburg;2008;0.0
Belgium and Luxemburg;2009;0.0
Belgium and Luxemburg;2010;0.0
Belgium and Luxemburg;2011;0.0
Belgium and Luxemburg;2012;0.0
Belgium and Luxemburg;2013;0.0
Belgium and Luxemburg;2014;0.0
Belgium and Luxemburg;2015;0.0
Belgium and Luxemburg;2016;0.0
Belgium and Luxemburg;2017;0.0
Belgium and Luxemburg;2018;0.0
Belgium and Luxemburg;2019;0.0
Belgium and Luxemburg;2020;0.0
Belgium and Luxemburg;2021;0.0
Belize;2006;300.0
Belize;2007;400.0
Belize;2008;400.0
Belize;2009;300.0
Belize;2010;500.0
Belize;2011;400.0
Belize;2012;800.0
Belize;2013;1700.0
Belize;2014;1400.0
Belize;2015;1300.0
Belize;2016;1300.0
Belize;2017;1500.0
Belize;2018;1500.0
Belize;2019;1600.0
Belize;2020;900.0
Belize;2021;900.0
Benin;2006;5700.0
Benin;2007;1700.0
Benin;2008;5000.0
Benin;2009;5900.0
Benin;2010;7800.0
Benin;2011;8300.0
Benin;2012;4700.0
Benin;2013;3600.0
Benin;2014;3300.0
Benin;2015;4400.0
Benin;2016;3400.0
Benin;2017;2900.0
Benin;2018;1600.0
Benin;2019;2300.0
Benin;2020;2000.0
Benin;2021;2500.0
Bermuda;2006;2700.0
Bermuda;2007;3300.0
Bermuda;2008;2800.0
Bermuda;2009;2100.0
Bermuda;2010;2100.0
Bermuda;2011;3400.0
Bermuda;2012;3400.0
Bermuda;2013;1100.0
Bermuda;2014;1500.0
Bermuda;2015;1500.0
Bermuda;2016;1500.0
Bermuda;2017;1600.0
Bermuda;2018;1400.0
Bermuda;2019;1800.0
Bermuda;2020;1200.0
Bermuda;2021;1300.0
Bhutan;2006;100.0
Bhutan;2007;100.0
Bhutan;2008;300.0
Bhutan;2009;100.0
Bhutan;2010;300.0
Bhutan;2011;200.0
Bhutan;2012;400.0
Bhutan;2013;400.0
Bhutan;2014;200.0
Bhutan;2015;200.0
Bhutan;2016;200.0
Bhutan;2017;300.0
Bhutan;2018;300.0
Bhutan;2019;300.0
Bhutan;2020;300.0
Bhutan;2021;300.0
Bolivia;2006;500.0
Bolivia;2007;500.0
Bolivia;2008;900.0
Bolivia;2009;800.0
Bolivia;2010;700.0
Bolivia;2011;900.0
Bolivia;2012;900.0
Bolivia;2013;1000.0
Bolivia;2014;1000.0
Bolivia;2015;1000.0
Bolivia;2016;1000.0
Bolivia;2017;1400.0
Bolivia;2018;1000.0
Bolivia;2019;700.0
Bolivia;2020;700.0
Bolivia;2021;500.0
Bosnia and Herzegovina;2006;9700.0
Bosnia and Herzegovina;2007;10500.0
Bosnia and Herzegovina;2008;10000.0
Bosnia and Herzegovina;2009;9900.0
Bosnia and Herzegovina;2010;9000.0
Bosnia and Herzegovina;2011;7400.0
Bosnia and Herzegovina;2012;8100.0
Bosnia and Herzegovina;2013;6900.0
Bosnia and Herzegovina;2014;7200.0
Bosnia and Herzegovina;2015;8200.0
Bosnia and Herzegovina;2016;8000.0
Bosnia and Herzegovina;2017;8700.0
Bosnia and Herzegovina;2018;8500.0
Bosnia and Herzegovina;2019;8800.0
Bosnia and Herzegovina;2020;7300.0
Bosnia and Herzegovina;2021;8400.0
Botswana;2006;6300.0
Botswana;2007;19100.0
Botswana;2008;11300.0
Botswana;2009;7300.0
Botswana;2010;4300.0
Botswana;2011;5100.0
Botswana;2012;3300.0
Botswana;2013;4900.0
Botswana;2014;4100.0
Botswana;2015;3300.0
Botswana;2016;3700.0
Botswana;2017;2500.0
Botswana;2018;7100.0
Botswana;2019;4600.0
Botswana;2020;4600.0
Botswana;2021;5300.0
Brazil;2006;50900.0
Brazil;2007;60900.0
Brazil;2008;57900.0
Brazil;2009;55900.0
Brazil;2010;70700.0
Brazil;2011;72700.0
Brazil;2012;74200.0
Brazil;2013;67900.0
Brazil;2014;81200.0
Brazil;2015;81800.0
Brazil;2016;92100.0
Brazil;2017;125800.0
Brazil;2018;110200.0
Brazil;2019;120400.0
Brazil;2020;152000.0
Brazil;2021;182500.0
Brunei Darussalam;2006;100.0
Brunei Darussalam;2007;0.0
Brunei Darussalam;2008;0.0
Brunei Darussalam;2009;0.0
Brunei Darussalam;2010;0.0
Brunei Darussalam;2011;100.0
Brunei Darussalam;2012;100.0
Brunei Darussalam;2013;0.0
Brunei Darussalam;2014;0.0
Brunei Darussalam;2015;0.0
Brunei Darussalam;2016;0.0
Brunei Darussalam;2017;0.0
Brunei Darussalam;2018;0.0
Brunei Darussalam;2019;0.0
Brunei Darussalam;2020;0.0
Brunei Darussalam;2021;0.0
Bulgaria;2006;12400.0
Bulgaria;2007;15100.0
Bulgaria;2008;6900.0
Bulgaria;2009;5300.0
Bulgaria;2010;8200.0
Bulgaria;2011;6700.0
Bulgaria;2012;7100.0
Bulgaria;2013;6500.0
Bulgaria;2014;4900.0
Bulgaria;2015;8000.0
Bulgaria;2016;7300.0
Bulgaria;2017;8700.0
Bulgaria;2018;8600.0
Bulgaria;2019;9000.0
Bulgaria;2020;9700.0
Bulgaria;2021;14500.0
Burkina Faso;2006;6100.0
Burkina Faso;2007;5000.0
Burkina Faso;2008;4600.0
Burkina Faso;2009;3400.0
Burkina Faso;2010;4100.0
Burkina Faso;2011;4100.0
Burkina Faso;2012;5600.0
Burkina Faso;2013;2900.0
Burkina Faso;2014;2400.0
Burkina Faso;2015;2900.0
Burkina Faso;2016;3200.0
Burkina Faso;2017;3600.0
Burkina Faso;2018;7900.0
Burkina Faso;2019;11500.0
Burkina Faso;2020;8600.0
Burkina Faso;2021;14600.0
Burundi;2006;200.0
Burundi;2007;200.0
Burundi;2008;300.0
Burundi;2009;200.0
Burundi;2010;200.0
Burundi;2011;200.0
Burundi;2012;400.0
Burundi;2013;400.0
Burundi;2014;200.0
Burundi;2015;200.0
Burundi;2016;200.0
Burundi;2017;100.0
Burundi;2018;100.0
Burundi;2019;400.0
Burundi;2020;400.0
Burundi;2021;500.0
Cabo Verde;2006;5100.0
Cabo Verde;2007;6300.0
Cabo Verde;2008;6300.0
Cabo Verde;2009;4300.0
Cabo Verde;2010;5000.0
Cabo Verde;2011;4500.0
Cabo Verde;2012;4300.0
Cabo Verde;2013;4000.0
Cabo Verde;2014;4700.0
Cabo Verde;2015;5800.0
Cabo Verde;2016;6800.0
Cabo Verde;2017;7100.0
Cabo Verde;2018;6000.0
Cabo Verde;2019;6800.0
Cabo Verde;2020;6800.0
Cabo Verde;2021;6800.0
Cambodia;2006;900.0
Cambodia;2007;1300.0
Cambodia;2008;1700.0
Cambodia;2009;1300.0
Cambodia;2010;800.0
Cambodia;2011;900.0
Cambodia;2012;1100.0
Cambodia;2013;1500.0
Cambodia;2014;2200.0
Cambodia;2015;1700.0
Cambodia;2016;1200.0
Cambodia;2017;500.0
Cambodia;2018;600.0
Cambodia;2019;1300.0
Cambodia;2020;1100.0
Cambodia;2021;700.0
Cameroon;2006;6200.0
Cameroon;2007;7900.0
Cameroon;2008;7100.0
Cameroon;2009;8400.0
Cameroon;2010;9700.0
Cameroon;2011;12000.0
Cameroon;2012;12000.0
Cameroon;2013;11600.0
Cameroon;2014;12700.0
Cameroon;2015;11700.0
Cameroon;2016;7600.0
Cameroon;2017;13700.0
Cameroon;2018;8600.0
Cameroon;2019;8600.0
Cameroon;2020;8600.0
Cameroon;2021;8600.0
Canada;2006;304300.0
Canada;2007;311800.0
Canada;2008;320000.0
Canada;2009;328400.0
Canada;2010;350000.0
Canada;2011;358400.0
Canada;2012;376800.0
Canada;2013;372700.0
Canada;2014;384900.0
Canada;2015;413400.0
Canada;2016;415700.0
Canada;2017;418700.0
Canada;2018;421700.0
Canada;2019;416900.0
Canada;2020;449900.0
Canada;2021;418900.0
Cayman Islands;2006;1700.0
Cayman Islands;2007;1700.0
Cayman Islands;2008;1400.0
Cayman Islands;2009;1500.0
Cayman Islands;2010;900.0
Cayman Islands;2011;800.0
Cayman Islands;2012;800.0
Cayman Islands;2013;800.0
Cayman Islands;2014;1000.0
Cayman Islands;2015;1100.0
Cayman Islands;2016;1100.0
Cayman Islands;2017;1100.0
Cayman Islands;2018;1100.0
Cayman Islands;2019;1100.0
Cayman Islands;2020;1100.0
Cayman Islands;2021;1100.0
Central African Republic;2006;400.0
Central African Republic;2007;400.0
Central African Republic;2008;600.0
Central African Republic;2009;300.0
Central African Republic;2010;600.0
Central African Republic;2011;500.0
Central African Republic;2012;500.0
Central African Republic;2013;200.0
Central African Republic;2014;100.0
Central African Republic;2015;1000.0
Central African Republic;2016;200.0
Central African Republic;2017;900.0
Central African Republic;2018;400.0
Central African Republic;2019;500.0
Central African Republic;2020;500.0
Central African Republic;2021;1100.0
Chad;2006;400.0
Chad;2007;500.0
Chad;2008;700.0
Chad;2009;1200.0
Chad;2010;2600.0
Chad;2011;2200.0
Chad;2012;2000.0
Chad;2013;2100.0
Chad;2014;600.0
Chad;2015;400.0
Chad;2016;700.0
Chad;2017;200.0
Chad;2018;200.0
Chad;2019;200.0
Chad;2020;400.0
Chad;2021;200.0
Chile;2006;6200.0
Chile;2007;6200.0
Chile;2008;3900.0
Chile;2009;3100.0
Chile;2010;600.0
Chile;2011;1000.0
Chile;2012;1200.0
Chile;2013;2200.0
Chile;2014;1700.0
Chile;2015;2500.0
Chile;2016;2500.0
Chile;2017;2000.0
Chile;2018;3000.0
Chile;2019;2500.0
Chile;2020;3700.0
Chile;2021;8400.0
China;2006;115500.0
China;2007;148200.0
China;2008;164900.0
China;2009;172900.0
China;2010;286100.0
China;2011;365500.0
China;2012;394300.0
China;2013;376600.0
China;2014;383800.0
China;2015;555500.0
China;2016;638900.0
China;2017;751100.0
China;2018;687600.0
China;2019;612800.0
China;2020;430500.0
China;2021;424300.0
Colombia;2006;12300.0
Colombia;2007;13000.0
Colombia;2008;12300.0
Colombia;2009;14400.0
Colombia;2010;14200.0
Colombia;2011;11700.0
Colombia;2012;14400.0
Colombia;2013;15400.0
Colombia;2014;16200.0
Colombia;2015;16400.0
Colombia;2016;18100.0
Colombia;2017;17400.0
Colombia;2018;18900.0
Colombia;2019;22200.0
Colombia;2020;24500.0
Colombia;2021;25800.0
Comoros;2006;100.0
Comoros;2007;100.0
Comoros;2008;100.0
Comoros;2009;100.0
Comoros;2010;100.0
Comoros;2011;200.0
Comoros;2012;200.0
Comoros;2013;300.0
Comoros;2014;100.0
Comoros;2015;200.0
Comoros;2016;300.0
Comoros;2017;300.0
Comoros;2018;200.0
Comoros;2019;300.0
Comoros;2020;200.0
Comoros;2021;100.0
Congo;2006;3200.0
Congo;2007;4000.0
Congo;2008;3700.0
Congo;2009;5200.0
Congo;2010;4900.0
Congo;2011;3600.0
Congo;2012;5500.0
Congo;2013;4400.0
Congo;2014;3200.0
Congo;2015;3200.0
Congo;2016;3200.0
Congo;2017;1800.0
Congo;2018;1800.0
Congo;2019;1700.0
Congo;2020;1600.0
Congo;2021;3200.0
Congo (the Democratic Republic of the);2006;2900.0
Congo (the Democratic Republic of the);2007;3600.0
Congo (the Democratic Republic of the);2008;3100.0
Congo (the Democratic Republic of the);2009;2800.0
Congo (the Democratic Republic of the);2010;3500.0
Congo (the Democratic Republic of the);2011;3200.0
Congo (the Democratic Republic of the);2012;2600.0
Congo (the Democratic Republic of the);2013;3700.0
Congo (the Democratic Republic of the);2014;3400.0
Congo (the Democratic Republic of the);2015;2200.0
Congo (the Democratic Republic of the);2016;2400.0
Congo (the Democratic Republic of the);2017;2200.0
Congo (the Democratic Republic of the);2018;1500.0
Congo (the Democratic Republic of the);2019;1600.0
Congo (the Democratic Republic of the);2020;1300.0
Congo (the Democratic Republic of the);2021;1500.0
Cook Islands;2006;100.0
Cook Islands;2007;200.0
Cook Islands;2008;100.0
Cook Islands;2009;200.0
Cook Islands;2010;300.0
Cook Islands;2011;100.0
Cook Islands;2012;200.0
Cook Islands;2013;200.0
Cook Islands;2014;300.0
Cook Islands;2015;300.0
Cook Islands;2016;400.0
Cook Islands;2017;200.0
Cook Islands;2018;200.0
Cook Islands;2019;200.0
Cook Islands;2020;100.0
Cook Islands;2021;200.0
Costa Rica;2006;7300.0
Costa Rica;2007;8100.0
Costa Rica;2008;7800.0
Costa Rica;2009;4500.0
Costa Rica;2010;9400.0
Costa Rica;2011;8500.0
Costa Rica;2012;8500.0
Costa Rica;2013;9400.0
Costa Rica;2014;10400.0
Costa Rica;2015;11000.0
Costa Rica;2016;11000.0
Costa Rica;2017;9800.0
Costa Rica;2018;10400.0
Costa Rica;2019;11300.0
Costa Rica;2020;10500.0
Costa Rica;2021;13200.0
Côte d'Ivoire;2006;14600.0
Côte d'Ivoire;2007;18000.0
Côte d'Ivoire;2008;22700.0
Côte d'Ivoire;2009;27700.0
Côte d'Ivoire;2010;29900.0
Côte d'Ivoire;2011;27900.0
Côte d'Ivoire;2012;29000.0
Côte d'Ivoire;2013;29000.0
Côte d'Ivoire;2014;32000.0
Côte d'Ivoire;2015;40000.0
Côte d'Ivoire;2016;45000.0
Côte d'Ivoire;2017;48000.0
Côte d'Ivoire;2018;41000.0
Côte d'Ivoire;2019;41500.0
Côte d'Ivoire;2020;39400.0
Côte d'Ivoire;2021;58400.0
Croatia;2006;12600.0
Croatia;2007;15700.0
Croatia;2008;14200.0
Croatia;2009;10600.0
Croatia;2010;14800.0
Croatia;2011;14700.0
Croatia;2012;14500.0
Croatia;2013;12800.0
Croatia;2014;22400.0
Croatia;2015;29000.0
Croatia;2016;31000.0
Croatia;2017;26900.0
Croatia;2018;24100.0
Croatia;2019;24900.0
Croatia;2020;24500.0
Croatia;2021;27600.0
Cuba;2006;3700.0
Cuba;2007;4300.0
Cuba;2008;5400.0
Cuba;2009;5400.0
Cuba;2010;6800.0
Cuba;2011;5100.0
Cuba;2012;5300.0
Cuba;2013;5800.0
Cuba;2014;5800.0
Cuba;2015;5700.0
Cuba;2016;7400.0
Cuba;2017;6200.0
Cuba;2018;6000.0
Cuba;2019;4800.0
Cuba;2020;2300.0
Cuba;2021;2100.0
Cyprus;2006;3500.0
Cyprus;2007;4200.0
Cyprus;2008;4100.0
Cyprus;2009;4400.0
Cyprus;2010;5800.0
Cyprus;2011;6200.0
Cyprus;2012;7500.0
Cyprus;2013;7200.0
Cyprus;2014;8000.0
Cyprus;2015;8400.0
Cyprus;2016;8700.0
Cyprus;2017;8900.0
Cyprus;2018;8300.0
Cyprus;2019;8000.0
Cyprus;2020;5000.0
Cyprus;2021;6200.0
Czech Republic;2006;138100.0
Czech Republic;2007;133400.0
Czech Republic;2008;144200.0
Czech Republic;2009;144300.0
Czech Republic;2010;190000.0
Czech Republic;2011;185000.0
Czech Republic;2012;157200.0
Czech Republic;2013;152800.0
Czech Republic;2014;155200.0
Czech Republic;2015;161000.0
Czech Republic;2016;140300.0
Czech Republic;2017;146700.0
Czech Republic;2018;132200.0
Czech Republic;2019;137900.0
Czech Republic;2020;174100.0
Czech Republic;2021;172900.0
Denmark;2006;187600.0
Denmark;2007;201300.0
Denmark;2008;200000.0
Denmark;2009;207800.0
Denmark;2010;188600.0
Denmark;2011;187500.0
Denmark;2012;188600.0
Denmark;2013;201500.0
Denmark;2014;186700.0
Denmark;2015;182100.0
Denmark;2016;179800.0
Denmark;2017;171100.0
Denmark;2018;178100.0
Denmark;2019;181300.0
Denmark;2020;183600.0
Denmark;2021;198200.0
Djibouti;2006;200.0
Djibouti;2007;200.0
Djibouti;2008;200.0
Djibouti;2009;300.0
Djibouti;2010;200.0
Djibouti;2011;400.0
Djibouti;2012;500.0
Djibouti;2013;800.0
Djibouti;2014;100.0
Djibouti;2015;300.0
Djibouti;2016;200.0
Djibouti;2017;300.0
Djibouti;2018;200.0
Djibouti;2019;200.0
Djibouti;2020;200.0
Djibouti;2021;200.0
Dominica;2006;300.0
Dominica;2007;400.0
Dominica;2008;400.0
Dominica;2009;200.0
Dominica;2010;200.0
Dominica;2011;100.0
Dominica;2012;100.0
Dominica;2013;200.0
Dominica;2014;100.0
Dominica;2015;100.0
Dominica;2016;100.0
Dominica;2017;100.0
Dominica;2018;100.0
Dominica;2019;100.0
Dominica;2020;100.0
Dominica;2021;100.0
Dominican Republic;2006;6700.0
Dominican Republic;2007;8900.0
Dominican Republic;2008;7900.0
Dominican Republic;2009;7400.0
Dominican Republic;2010;8600.0
Dominican Republic;2011;9700.0
Dominican Republic;2012;9700.0
Dominican Republic;2013;12000.0
Dominican Republic;2014;11600.0
Dominican Republic;2015;13400.0
Dominican Republic;2016;13100.0
Dominican Republic;2017;17000.0
Dominican Republic;2018;16300.0
Dominican Republic;2019;15900.0
Dominican Republic;2020;12600.0
Dominican Republic;2021;19800.0
Ecuador;2006;5400.0
Ecuador;2007;6900.0
Ecuador;2008;11300.0
Ecuador;2009;5000.0
Ecuador;2010;6000.0
Ecuador;2011;4500.0
Ecuador;2012;6000.0
Ecuador;2013;5000.0
Ecuador;2014;7000.0
Ecuador;2015;6000.0
Ecuador;2016;6000.0
Ecuador;2017;8000.0
Ecuador;2018;9500.0
Ecuador;2019;10400.0
Ecuador;2020;8600.0
Ecuador;2021;13300.0
Egypt;2006;0.0
Egypt;2007;0.0
Egypt;2008;0.0
Egypt;2009;0.0
Egypt;2010;0.0
Egypt;2011;0.0
Egypt;2012;0.0
Egypt;2013;0.0
Egypt;2014;0.0
Egypt;2015;0.0
Egypt;2016;0.0
Egypt;2017;0.0
Egypt;2018;0.0
Egypt;2019;0.0
Egypt;2020;0.0
Egypt;2021;0.0
El Salvador;2006;1700.0
El Salvador;2007;2200.0
El Salvador;2008;1800.0
El Salvador;2009;2000.0
El Salvador;2010;2100.0
El Salvador;2011;2100.0
El Salvador;2012;2000.0
El Salvador;2013;2000.0
El Salvador;2014;2000.0
El Salvador;2015;2000.0
El Salvador;2016;2000.0
El Salvador;2017;2000.0
El Salvador;2018;2000.0
El Salvador;2019;2800.0
El Salvador;2020;2400.0
El Salvador;2021;3200.0
Equatorial Guinea;2006;12000.0
Equatorial Guinea;2007;10700.0
Equatorial Guinea;2008;13300.0
Equatorial Guinea;2009;11700.0
Equatorial Guinea;2010;12300.0
Equatorial Guinea;2011;11700.0
Equatorial Guinea;2012;12700.0
Equatorial Guinea;2013;5500.0
Equatorial Guinea;2014;7200.0
Equatorial Guinea;2015;6700.0
Equatorial Guinea;2016;6700.0
Equatorial Guinea;2017;7500.0
Equatorial Guinea;2018;6300.0
Equatorial Guinea;2019;7800.0
Equatorial Guinea;2020;8000.0
Equatorial Guinea;2021;5700.0
Estonia;2006;13400.0
Estonia;2007;15800.0
Estonia;2008;17300.0
Estonia;2009;17200.0
Estonia;2010;20000.0
Estonia;2011;22100.0
Estonia;2012;22600.0
Estonia;2013;23800.0
Estonia;2014;23300.0
Estonia;2015;22900.0
Estonia;2016;25200.0
Estonia;2017;24400.0
Estonia;2018;22600.0
Estonia;2019;22500.0
Estonia;2020;20100.0
Estonia;2021;22200.0
Eswatini;2006;2500.0
Eswatini;2007;1800.0
Eswatini;2008;200.0
Eswatini;2009;200.0
Eswatini;2010;300.0
Eswatini;2011;400.0
Eswatini;2012;400.0
Eswatini;2013;0.0
Eswatini;2014;0.0
Eswatini;2015;0.0
Eswatini;2016;0.0
Eswatini;2017;0.0
Eswatini;2018;0.0
Eswatini;2019;0.0
Eswatini;2020;0.0
Eswatini;2021;0.0
Ethiopia;2006;500.0
Ethiopia;2007;600.0
Ethiopia;2008;400.0
Ethiopia;2009;500.0
Ethiopia;2010;700.0
Ethiopia;2011;700.0
Ethiopia;2012;200.0
Ethiopia;2013;2200.0
Ethiopia;2014;1300.0
Ethiopia;2015;1900.0
Ethiopia;2016;600.0
Ethiopia;2017;500.0
Ethiopia;2018;200.0
Ethiopia;2019;200.0
Ethiopia;2020;300.0
Ethiopia;2021;200.0
Faroe Islands;2006;200.0
Faroe Islands;2007;300.0
Faroe Islands;2008;400.0
Faroe Islands;2009;500.0
Faroe Islands;2010;400.0
Faroe Islands;2011;400.0
Faroe Islands;2012;400.0
Faroe Islands;2013;400.0
Faroe Islands;2014;400.0
Faroe Islands;2015;500.0
Faroe Islands;2016;400.0
Faroe Islands;2017;500.0
Faroe Islands;2018;500.0
Faroe Islands;2019;500.0
Faroe Islands;2020;500.0
Faroe Islands;2021;500.0
Fiji;2006;1400.0
Fiji;2007;1300.0
Fiji;2008;3300.0
Fiji;2009;1300.0
Fiji;2010;1000.0
Fiji;2011;900.0
Fiji;2012;1100.0
Fiji;2013;1000.0
Fiji;2014;1200.0
Fiji;2015;1500.0
Fiji;2016;1300.0
Fiji;2017;1400.0
Fiji;2018;1500.0
Fiji;2019;1300.0
Fiji;2020;700.0
Fiji;2021;1100.0
Finland;2006;52300.0
Finland;2007;56800.0
Finland;2008;57000.0
Finland;2009;57300.0
Finland;2010;57900.0
Finland;2011;59400.0
Finland;2012;60300.0
Finland;2013;63800.0
Finland;2014;77000.0
Finland;2015;76100.0
Finland;2016;76300.0
Finland;2017;74300.0
Finland;2018;78400.0
Finland;2019;74700.0
Finland;2020;80100.0
Finland;2021;71300.0
France;2006;532100.0
France;2007;575500.0
France;2008;573200.0
France;2009;582900.0
France;2010;646500.0
France;2011;654300.0
France;2012;543300.0
France;2013;598200.0
France;2014;694500.0
France;2015;762000.0
France;2016;763800.0
France;2017;731500.0
France;2018;700200.0
France;2019;664600.0
France;2020;656100.0
France;2021;621200.0
French Guiana;2006;0.0
French Guiana;2007;0.0
French Guiana;2008;0.0
French Guiana;2009;0.0
French Guiana;2010;0.0
French Guiana;2011;200.0
French Guiana;2012;100.0
French Guiana;2013;100.0
French Guiana;2014;100.0
French Guiana;2015;100.0
French Guiana;2016;100.0
French Guiana;2017;100.0
French Guiana;2018;200.0
French Guiana;2019;200.0
French Guiana;2020;200.0
French Guiana;2021;200.0
French Polynesia;2006;4200.0
French Polynesia;2007;4400.0
French Polynesia;2008;4500.0
French Polynesia;2009;4100.0
French Polynesia;2010;3900.0
French Polynesia;2011;3700.0
French Polynesia;2012;3600.0
French Polynesia;2013;2900.0
French Polynesia;2014;2700.0
French Polynesia;2015;2700.0
French Polynesia;2016;2600.0
French Polynesia;2017;2600.0
French Polynesia;2018;2600.0
French Polynesia;2019;2500.0
French Polynesia;2020;2100.0
French Polynesia;2021;2100.0
Gabon;2006;7200.0
Gabon;2007;9600.0
Gabon;2008;14800.0
Gabon;2009;7700.0
Gabon;2010;9900.0
Gabon;2011;9200.0
Gabon;2012;7300.0
Gabon;2013;7500.0
Gabon;2014;6800.0
Gabon;2015;7600.0
Gabon;2016;7200.0
Gabon;2017;5500.0
Gabon;2018;5700.0
Gabon;2019;5400.0
Gabon;2020;4600.0
Gabon;2021;6000.0
Gambia;2006;400.0
Gambia;2007;0.0
Gambia;2008;100.0
Gambia;2009;100.0
Gambia;2010;100.0
Gambia;2011;0.0
Gambia;2012;100.0
Gambia;2013;0.0
Gambia;2014;0.0
Gambia;2015;0.0
Gambia;2016;0.0
Gambia;2017;0.0
Gambia;2018;0.0
Gambia;2019;0.0
Gambia;2020;0.0
Gambia;2021;0.0
Georgia;2006;4700.0
Georgia;2007;400.0
Georgia;2008;100.0
Georgia;2009;100.0
Georgia;2010;100.0
Georgia;2011;100.0
Georgia;2012;300.0
Georgia;2013;300.0
Georgia;2014;200.0
Georgia;2015;200.0
Georgia;2016;200.0
Georgia;2017;200.0
Georgia;2018;500.0
Georgia;2019;500.0
Georgia;2020;300.0
Georgia;2021;400.0
Germany;2006;1377200.0
Germany;2007;1455300.0
Germany;2008;1370800.0
Germany;2009;1411000.0
Germany;2010;1477800.0
Germany;2011;1613300.0
Germany;2012;1537400.0
Germany;2013;1527400.0
Germany;2014;1548200.0
Germany;2015;1542000.0
Germany;2016;1485100.0
Germany;2017;1523000.0
Germany;2018;1465600.0
Germany;2019;1480200.0
Germany;2020;1448600.0
Germany;2021;1478100.0
Ghana;2006;7500.0
Ghana;2007;11800.0
Ghana;2008;14700.0
Ghana;2009;9300.0
Ghana;2010;8700.0
Ghana;2011;10600.0
Ghana;2012;12000.0
Ghana;2013;9000.0
Ghana;2014;7000.0
Ghana;2015;5000.0
Ghana;2016;6000.0
Ghana;2017;9000.0
Ghana;2018;8000.0
Ghana;2019;8000.0
Ghana;2020;5500.0
Ghana;2021;7400.0
Global;2006;8067900.0
Global;2007;8616800.0
Global;2008;8556300.0
Global;2009;8476000.0
Global;2010;9242800.0
Global;2011;9834600.0
Global;2012;9965400.0
Global;2013;10007500.0
Global;2014;10361800.0
Global;2015;10516200.0
Global;2016;10485900.0
Global;2017;11101000.0
Global;2018;10518400.0
Global;2019;10746500.0
Global;2020;10515800.0
Global;2021;10871400.0
Greece;2006;15900.0
Greece;2007;18400.0
Greece;2008;18400.0
Greece;2009;16500.0
Greece;2010;10700.0
Greece;2011;20300.0
Greece;2012;17400.0
Greece;2013;17900.0
Greece;2014;14900.0
Greece;2015;12500.0
Greece;2016;16500.0
Greece;2017;12200.0
Greece;2018;11600.0
Greece;2019;23100.0
Greece;2020;11300.0
Greece;2021;17300.0
Greenland;2006;1900.0
Greenland;2007;800.0
Greenland;2008;700.0
Greenland;2009;900.0
Greenland;2010;800.0
Greenland;2011;800.0
Greenland;2012;800.0
Greenland;2013;1100.0
Greenland;2014;700.0
Greenland;2015;600.0
Greenland;2016;600.0
Greenland;2017;600.0
Greenland;2018;500.0
Greenland;2019;600.0
Greenland;2020;600.0
Greenland;2021;600.0
Grenada;2006;2800.0
Grenada;2007;3600.0
Grenada;2008;3400.0
Grenada;2009;3400.0
Grenada;2010;3400.0
Grenada;2011;3300.0
Grenada;2012;3700.0
Grenada;2013;2900.0
Grenada;2014;4600.0
Grenada;2015;4500.0
Grenada;2016;4800.0
Grenada;2017;5300.0
Grenada;2018;6500.0
Grenada;2019;6300.0
Grenada;2020;5500.0
Grenada;2021;8000.0
Guadeloupe;2006;0.0
Guadeloupe;2007;0.0
Guadeloupe;2008;0.0
Guadeloupe;2009;0.0
Guadeloupe;2010;0.0
Guadeloupe;2011;0.0
Guadeloupe;2012;0.0
Guadeloupe;2013;0.0
Guadeloupe;2014;0.0
Guadeloupe;2015;0.0
Guadeloupe;2016;0.0
Guadeloupe;2017;0.0
Guadeloupe;2018;0.0
Guadeloupe;2019;0.0
Guadeloupe;2020;0.0
Guadeloupe;2021;0.0
Guam;2006;100.0
Guam;2007;100.0
Guam;2008;0.0
Guam;2009;0.0
Guam;2010;0.0
Guam;2011;0.0
Guam;2012;0.0
Guam;2013;0.0
Guam;2014;200.0
Guam;2015;200.0
Guam;2016;100.0
Guam;2017;0.0
Guam;2018;0.0
Guam;2019;0.0
Guam;2020;0.0
Guam;2021;0.0
Guinea;2006;700.0
Guinea;2007;800.0
Guinea;2008;900.0
Guinea;2009;100.0
Guinea;2010;1400.0
Guinea;2011;900.0
Guinea;2012;600.0
Guinea;2013;700.0
Guinea;2014;600.0
Guinea;2015;500.0
Guinea;2016;500.0
Guinea;2017;700.0
Guinea;2018;700.0
Guinea;2019;900.0
Guinea;2020;900.0
Guinea;2021;900.0
Guinea-Bissau;2006;3000.0
Guinea-Bissau;2007;4400.0
Guinea-Bissau;2008;4200.0
Guinea-Bissau;2009;4100.0
Guinea-Bissau;2010;5300.0
Guinea-Bissau;2011;7100.0
Guinea-Bissau;2012;7000.0
Guinea-Bissau;2013;6500.0
Guinea-Bissau;2014;7600.0
Guinea-Bissau;2015;8000.0
Guinea-Bissau;2016;9200.0
Guinea-Bissau;2017;11000.0
Guinea-Bissau;2018;9300.0
Guinea-Bissau;2019;10000.0
Guinea-Bissau;2020;9000.0
Guinea-Bissau;2021;11400.0
Guyana;2006;200.0
Guyana;2007;0.0
Guyana;2008;0.0
Guyana;2009;100.0
Guyana;2010;100.0
Guyana;2011;200.0
Guyana;2012;100.0
Guyana;2013;100.0
Guyana;2014;100.0
Guyana;2015;100.0
Guyana;2016;200.0
Guyana;2017;200.0
Guyana;2018;200.0
Guyana;2019;300.0
Guyana;2020;200.0
Guyana;2021;300.0
Haiti;2006;500.0
Haiti;2007;800.0
Haiti;2008;500.0
Haiti;2009;700.0
Haiti;2010;700.0
Haiti;2011;800.0
Haiti;2012;900.0
Haiti;2013;6900.0
Haiti;2014;1200.0
Haiti;2015;800.0
Haiti;2016;1500.0
Haiti;2017;1800.0
Haiti;2018;1800.0
Haiti;2019;1800.0
Haiti;2020;1800.0
Haiti;2021;1800.0
Honduras;2006;1600.0
Honduras;2007;2000.0
Honduras;2008;2100.0
Honduras;2009;1600.0
Honduras;2010;1100.0
Honduras;2011;1100.0
Honduras;2012;2200.0
Honduras;2013;1000.0
Honduras;2014;1700.0
Honduras;2015;2000.0
Honduras;2016;1900.0
Honduras;2017;2000.0
Honduras;2018;2300.0
Honduras;2019;2200.0
Honduras;2020;1800.0
Honduras;2021;2900.0
Hong Kong;2006;18300.0
Hong Kong;2007;23400.0
Hong Kong;2008;30300.0
Hong Kong;2009;34800.0
Hong Kong;2010;40000.0
Hong Kong;2011;48200.0
Hong Kong;2012;50500.0
Hong Kong;2013;50300.0
Hong Kong;2014;52500.0
Hong Kong;2015;63400.0
Hong Kong;2016;62900.0
Hong Kong;2017;60800.0
Hong Kong;2018;51300.0
Hong Kong;2019;41200.0
Hong Kong;2020;37900.0
Hong Kong;2021;39000.0
Hungary;2006;14700.0
Hungary;2007;8300.0
Hungary;2008;23700.0
Hungary;2009;13400.0
Hungary;2010;18100.0
Hungary;2011;53700.0
Hungary;2012;40800.0
Hungary;2013;43300.0
Hungary;2014;37200.0
Hungary;2015;26200.0
Hungary;2016;20700.0
Hungary;2017;19500.0
Hungary;2018;7200.0
Hungary;2019;10800.0
Hungary;2020;7700.0
Hungary;2021;9200.0
Iceland;2006;3600.0
Iceland;2007;3900.0
Iceland;2008;3900.0
Iceland;2009;5700.0
Iceland;2010;3800.0
Iceland;2011;4000.0
Iceland;2012;4000.0
Iceland;2013;4000.0
Iceland;2014;4100.0
Iceland;2015;4400.0
Iceland;2016;4400.0
Iceland;2017;4500.0
Iceland;2018;4600.0
Iceland;2019;4700.0
Iceland;2020;5400.0
Iceland;2021;5700.0
India;2006;1800.0
India;2007;3200.0
India;2008;3000.0
India;2009;1900.0
India;2010;2000.0
India;2011;4400.0
India;2012;4200.0
India;2013;3900.0
India;2014;3300.0
India;2015;3900.0
India;2016;4100.0
India;2017;4500.0
India;2018;5200.0
India;2019;4200.0
India;2020;3000.0
India;2021;5600.0
Indonesia;2006;100.0
Indonesia;2007;0.0
Indonesia;2008;200.0
Indonesia;2009;0.0
Indonesia;2010;600.0
Indonesia;2011;300.0
Indonesia;2012;0.0
Indonesia;2013;400.0
Indonesia;2014;200.0
Indonesia;2015;100.0
Indonesia;2016;2000.0
Indonesia;2017;4000.0
Indonesia;2018;6000.0
Indonesia;2019;4000.0
Indonesia;2020;1100.0
Indonesia;2021;2500.0
Iran;2006;200.0
Iran;2007;100.0
Iran;2008;0.0
Iran;2009;0.0
Iran;2010;0.0
Iran;2011;0.0
Iran;2012;0.0
Iran;2013;0.0
Iran;2014;0.0
Iran;2015;0.0
Iran;2016;0.0
Iran;2017;0.0
Iran;2018;0.0
Iran;2019;0.0
Iran;2020;0.0
Iran;2021;0.0
Iraq;2006;200.0
Iraq;2007;100.0
Iraq;2008;200.0
Iraq;2009;200.0
Iraq;2010;400.0
Iraq;2011;600.0
Iraq;2012;600.0
Iraq;2013;500.0
Iraq;2014;300.0
Iraq;2015;800.0
Iraq;2016;800.0
Iraq;2017;700.0
Iraq;2018;500.0
Iraq;2019;1000.0
Iraq;2020;1000.0
Iraq;2021;1000.0
Ireland;2006;72500.0
Ireland;2007;75200.0
Ireland;2008;58600.0
Ireland;2009;61700.0
Ireland;2010;71100.0
Ireland;2011;71200.0
Ireland;2012;77400.0
Ireland;2013;77100.0
Ireland;2014;73400.0
Ireland;2015;76700.0
Ireland;2016;84800.0
Ireland;2017;83500.0
Ireland;2018;78200.0
Ireland;2019;85300.0
Ireland;2020;111100.0
Ireland;2021;78600.0
Israel;2006;3300.0
Israel;2007;4800.0
Israel;2008;5400.0
Israel;2009;4900.0
Israel;2010;5600.0
Israel;2011;6700.0
Israel;2012;6300.0
Israel;2013;5800.0
Israel;2014;5900.0
Israel;2015;6300.0
Israel;2016;6900.0
Israel;2017;7500.0
Israel;2018;9300.0
Israel;2019;9300.0
Israel;2020;10000.0
Israel;2021;10000.0
Italy;2006;146300.0
Italy;2007;177900.0
Italy;2008;184000.0
Italy;2009;146100.0
Italy;2010;166800.0
Italy;2011;247700.0
Italy;2012;275600.0
Italy;2013;269200.0
Italy;2014;275300.0
Italy;2015;285400.0
Italy;2016;170600.0
Italy;2017;207600.0
Italy;2018;189500.0
Italy;2019;155200.0
Italy;2020;163400.0
Italy;2021;310800.0
Jamaica;2006;2100.0
Jamaica;2007;2400.0
Jamaica;2008;2500.0
Jamaica;2009;3000.0
Jamaica;2010;2800.0
Jamaica;2011;2400.0
Jamaica;2012;2600.0
Jamaica;2013;3200.0
Jamaica;2014;3300.0
Jamaica;2015;3300.0
Jamaica;2016;5800.0
Jamaica;2017;7100.0
Jamaica;2018;3300.0
Jamaica;2019;3400.0
Jamaica;2020;1700.0
Jamaica;2021;5000.0
Japan;2006;166200.0
Japan;2007;166700.0
Japan;2008;171800.0
Japan;2009;180700.0
Japan;2010;193900.0
Japan;2011;208300.0
Japan;2012;257100.0
Japan;2013;263200.0
Japan;2014;270400.0
Japan;2015;280100.0
Japan;2016;268600.0
Japan;2017;277500.0
Japan;2018;262100.0
Japan;2019;281000.0
Japan;2020;256200.0
Japan;2021;243800.0
Jordan;2006;200.0
Jordan;2007;100.0
Jordan;2008;100.0
Jordan;2009;200.0
Jordan;2010;200.0
Jordan;2011;200.0
Jordan;2012;200.0
Jordan;2013;200.0
Jordan;2014;300.0
Jordan;2015;300.0
Jordan;2016;400.0
Jordan;2017;300.0
Jordan;2018;300.0
Jordan;2019;300.0
Jordan;2020;9100.0
Jordan;2021;9000.0
Kazakhstan;2006;5900.0
Kazakhstan;2007;12700.0
Kazakhstan;2008;6600.0
Kazakhstan;2009;8700.0
Kazakhstan;2010;9800.0
Kazakhstan;2011;11200.0
Kazakhstan;2012;14100.0
Kazakhstan;2013;13000.0
Kazakhstan;2014;14700.0
Kazakhstan;2015;11500.0
Kazakhstan;2016;9300.0
Kazakhstan;2017;11300.0
Kazakhstan;2018;11600.0
Kazakhstan;2019;10000.0
Kazakhstan;2020;10900.0
Kazakhstan;2021;12200.0
Kenya;2006;3900.0
Kenya;2007;4000.0
Kenya;2008;4000.0
Kenya;2009;3900.0
Kenya;2010;5500.0
Kenya;2011;6300.0
Kenya;2012;7100.0
Kenya;2013;7200.0
Kenya;2014;7300.0
Kenya;2015;6700.0
Kenya;2016;7100.0
Kenya;2017;6600.0
Kenya;2018;9200.0
Kenya;2019;8100.0
Kenya;2020;7300.0
Kenya;2021;8300.0
Kiribati;2006;0.0
Kiribati;2007;100.0
Kiribati;2008;0.0
Kiribati;2009;0.0
Kiribati;2010;0.0
Kiribati;2011;0.0
Kiribati;2012;0.0
Kiribati;2013;0.0
Kiribati;2014;0.0
Kiribati;2015;0.0
Kiribati;2016;0.0
Kiribati;2017;0.0
Kiribati;2018;0.0
Kiribati;2019;0.0
Kiribati;2020;0.0
Kiribati;2021;0.0
Korea (the Republic of);2006;22200.0
Korea (the Republic of);2007;31800.0
Korea (the Republic of);2008;28800.0
Korea (the Republic of);2009;23000.0
Korea (the Republic of);2010;24600.0
Korea (the Republic of);2011;26000.0
Korea (the Republic of);2012;29200.0
Korea (the Republic of);2013;32700.0
Korea (the Republic of);2014;33000.0
Korea (the Republic of);2015;43600.0
Korea (the Republic of);2016;37800.0
Korea (the Republic of);2017;36500.0
Korea (the Republic of);2018;40600.0
Korea (the Republic of);2019;44100.0
Korea (the Republic of);2020;54500.0
Korea (the Republic of);2021;76900.0
Kyrgyzstan;2006;600.0
Kyrgyzstan;2007;1400.0
Kyrgyzstan;2008;1200.0
Kyrgyzstan;2009;1100.0
Kyrgyzstan;2010;1000.0
Kyrgyzstan;2011;1100.0
Kyrgyzstan;2012;1700.0
Kyrgyzstan;2013;1500.0
Kyrgyzstan;2014;900.0
Kyrgyzstan;2015;1200.0
Kyrgyzstan;2016;1400.0
Kyrgyzstan;2017;2100.0
Kyrgyzstan;2018;2000.0
Kyrgyzstan;2019;2000.0
Kyrgyzstan;2020;1500.0
Kyrgyzstan;2021;2100.0
Lao People's Democratic Republic;2006;800.0
Lao People's Democratic Republic;2007;900.0
Lao People's Democratic Republic;2008;1000.0
Lao People's Democratic Republic;2009;1200.0
Lao People's Democratic Republic;2010;1200.0
Lao People's Democratic Republic;2011;1600.0
Lao People's Democratic Republic;2012;1600.0
Lao People's Democratic Republic;2013;2200.0
Lao People's Democratic Republic;2014;2600.0
Lao People's Democratic Republic;2015;2600.0
Lao People's Democratic Republic;2016;3000.0
Lao People's Democratic Republic;2017;1200.0
Lao People's Democratic Republic;2018;1000.0
Lao People's Democratic Republic;2019;1600.0
Lao People's Democratic Republic;2020;800.0
Lao People's Democratic Republic;2021;800.0
Latvia;2006;19200.0
Latvia;2007;20400.0
Latvia;2008;19000.0
Latvia;2009;19100.0
Latvia;2010;38700.0
Latvia;2011;37700.0
Latvia;2012;43100.0
Latvia;2013;48200.0
Latvia;2014;63700.0
Latvia;2015;52800.0
Latvia;2016;60800.0
Latvia;2017;79500.0
Latvia;2018;75200.0
Latvia;2019;95400.0
Latvia;2020;105300.0
Latvia;2021;111600.0
Lebanon;2006;800.0
Lebanon;2007;800.0
Lebanon;2008;900.0
Lebanon;2009;1000.0
Lebanon;2010;1100.0
Lebanon;2011;1100.0
Lebanon;2012;1200.0
Lebanon;2013;1100.0
Lebanon;2014;1100.0
Lebanon;2015;1400.0
Lebanon;2016;1300.0
Lebanon;2017;1300.0
Lebanon;2018;1300.0
Lebanon;2019;1300.0
Lebanon;2020;500.0
Lebanon;2021;700.0
Lesotho;2006;0.0
Lesotho;2007;100.0
Lesotho;2008;100.0
Lesotho;2009;100.0
Lesotho;2010;100.0
Lesotho;2011;100.0
Lesotho;2012;100.0
Lesotho;2013;900.0
Lesotho;2014;1400.0
Lesotho;2015;900.0
Lesotho;2016;1300.0
Lesotho;2017;1800.0
Lesotho;2018;500.0
Lesotho;2019;1500.0
Lesotho;2020;1500.0
Lesotho;2021;1700.0
Liberia;2006;0.0
Liberia;2007;100.0
Liberia;2008;100.0
Liberia;2009;100.0
Liberia;2010;200.0
Liberia;2011;200.0
Liberia;2012;100.0
Liberia;2013;300.0
Liberia;2014;400.0
Liberia;2015;500.0
Liberia;2016;500.0
Liberia;2017;1500.0
Liberia;2018;1100.0
Liberia;2019;800.0
Liberia;2020;800.0
Liberia;2021;800.0
Libya;2006;0.0
Libya;2007;0.0
Libya;2008;0.0
Libya;2009;0.0
Libya;2010;0.0
Libya;2011;0.0
Libya;2012;0.0
Libya;2013;0.0
Libya;2014;0.0
Libya;2015;100.0
Libya;2016;0.0
Libya;2017;0.0
Libya;2018;0.0
Libya;2019;100.0
Libya;2020;100.0
Libya;2021;0.0
Lithuania;2006;15000.0
Lithuania;2007;20400.0
Lithuania;2008;35000.0
Lithuania;2009;45000.0
Lithuania;2010;68500.0
Lithuania;2011;85600.0
Lithuania;2012;97100.0
Lithuania;2013;111700.0
Lithuania;2014;113100.0
Lithuania;2015;85700.0
Lithuania;2016;85800.0
Lithuania;2017;97800.0
Lithuania;2018;90900.0
Lithuania;2019;91400.0
Lithuania;2020;94300.0
Lithuania;2021;97800.0
Luxemburg;2006;23900.0
Luxemburg;2007;23500.0
Luxemburg;2008;23600.0
Luxemburg;2009;22900.0
Luxemburg;2010;21900.0
Luxemburg;2011;21100.0
Luxemburg;2012;21900.0
Luxemburg;2013;22100.0
Luxemburg;2014;22400.0
Luxemburg;2015;22300.0
Luxemburg;2016;21800.0
Luxemburg;2017;22700.0
Luxemburg;2018;23200.0
Luxemburg;2019;23100.0
Luxemburg;2020;22700.0
Luxemburg;2021;24100.0
Macao;2006;1900.0
Macao;2007;2700.0
Macao;2008;3500.0
Macao;2009;4800.0
Macao;2010;6100.0
Macao;2011;7700.0
Macao;2012;6800.0
Macao;2013;4500.0
Macao;2014;5400.0
Macao;2015;6000.0
Macao;2016;5900.0
Macao;2017;5400.0
Macao;2018;4900.0
Macao;2019;4700.0
Macao;2020;3200.0
Macao;2021;4700.0
Madagascar;2006;800.0
Madagascar;2007;800.0
Madagascar;2008;1000.0
Madagascar;2009;600.0
Madagascar;2010;800.0
Madagascar;2011;1400.0
Madagascar;2012;1400.0
Madagascar;2013;800.0
Madagascar;2014;1000.0
Madagascar;2015;800.0
Madagascar;2016;0.0
Madagascar;2017;1000.0
Madagascar;2018;1200.0
Madagascar;2019;1100.0
Madagascar;2020;600.0
Madagascar;2021;500.0
Malawi;2006;300.0
Malawi;2007;200.0
Malawi;2008;200.0
Malawi;2009;400.0
Malawi;2010;300.0
Malawi;2011;200.0
Malawi;2012;400.0
Malawi;2013;200.0
Malawi;2014;200.0
Malawi;2015;200.0
Malawi;2016;100.0
Malawi;2017;200.0
Malawi;2018;200.0
Malawi;2019;200.0
Malawi;2020;200.0
Malawi;2021;1100.0
Malaysia;2006;5700.0
Malaysia;2007;6800.0
Malaysia;2008;8100.0
Malaysia;2009;17200.0
Malaysia;2010;8500.0
Malaysia;2011;6000.0
Malaysia;2012;5700.0
Malaysia;2013;6200.0
Malaysia;2014;8300.0
Malaysia;2015;10400.0
Malaysia;2016;12100.0
Malaysia;2017;13000.0
Malaysia;2018;9800.0
Malaysia;2019;9200.0
Malaysia;2020;7000.0
Malaysia;2021;18100.0
Maldives;2006;1000.0
Maldives;2007;1100.0
Maldives;2008;1200.0
Maldives;2009;1100.0
Maldives;2010;1200.0
Maldives;2011;1500.0
Maldives;2012;1200.0
Maldives;2013;1400.0
Maldives;2014;1300.0
Maldives;2015;1400.0
Maldives;2016;1500.0
Maldives;2017;1600.0
Maldives;2018;2100.0
Maldives;2019;2200.0
Maldives;2020;4200.0
Maldives;2021;2300.0
Mali;2006;300.0
Mali;2007;200.0
Mali;2008;300.0
Mali;2009;300.0
Mali;2010;600.0
Mali;2011;600.0
Mali;2012;300.0
Mali;2013;400.0
Mali;2014;400.0
Mali;2015;800.0
Mali;2016;300.0
Mali;2017;500.0
Mali;2018;400.0
Mali;2019;1000.0
Mali;2020;3800.0
Mali;2021;2400.0
Malta;2006;6400.0
Malta;2007;4300.0
Malta;2008;4500.0
Malta;2009;4600.0
Malta;2010;4800.0
Malta;2011;5700.0
Malta;2012;5100.0
Malta;2013;4800.0
Malta;2014;5000.0
Malta;2015;5900.0
Malta;2016;6600.0
Malta;2017;8000.0
Malta;2018;5800.0
Malta;2019;9300.0
Malta;2020;500.0
Malta;2021;9500.0
Martinique;2006;0.0
Martinique;2007;0.0
Martinique;2008;0.0
Martinique;2009;0.0
Martinique;2010;0.0
Martinique;2011;0.0
Martinique;2012;0.0
Martinique;2013;0.0
Martinique;2014;0.0
Martinique;2015;0.0
Martinique;2016;0.0
Martinique;2017;0.0
Martinique;2018;0.0
Martinique;2019;0.0
Martinique;2020;0.0
Martinique;2021;0.0
Mauritania;2006;0.0
Mauritania;2007;0.0
Mauritania;2008;100.0
Mauritania;2009;0.0
Mauritania;2010;0.0
Mauritania;2011;0.0
Mauritania;2012;100.0
Mauritania;2013;0.0
Mauritania;2014;0.0
Mauritania;2015;0.0
Mauritania;2016;0.0
Mauritania;2017;100.0
Mauritania;2018;100.0
Mauritania;2019;0.0
Mauritania;2020;0.0
Mauritania;2021;0.0
Mauritius;2006;1700.0
Mauritius;2007;1800.0
Mauritius;2008;2000.0
Mauritius;2009;1600.0
Mauritius;2010;2000.0
Mauritius;2011;2000.0
Mauritius;2012;1800.0
Mauritius;2013;2000.0
Mauritius;2014;2000.0
Mauritius;2015;2300.0
Mauritius;2016;2500.0
Mauritius;2017;2200.0
Mauritius;2018;2500.0
Mauritius;2019;2000.0
Mauritius;2020;1300.0
Mauritius;2021;1200.0
Mexico;2006;33600.0
Mexico;2007;38400.0
Mexico;2008;40000.0
Mexico;2009;38600.0
Mexico;2010;44000.0
Mexico;2011;45400.0
Mexico;2012;44000.0
Mexico;2013;53700.0
Mexico;2014;54300.0
Mexico;2015;59900.0
Mexico;2016;68100.0
Mexico;2017;71900.0
Mexico;2018;79700.0
Mexico;2019;59600.0
Mexico;2020;49800.0
Mexico;2021;65700.0
Micronesia;2006;100.0
Micronesia;2007;0.0
Micronesia;2008;0.0
Micronesia;2009;0.0
Micronesia;2010;0.0
Micronesia;2011;0.0
Micronesia;2012;0.0
Micronesia;2013;100.0
Micronesia;2014;100.0
Micronesia;2015;100.0
Micronesia;2016;100.0
Micronesia;2017;100.0
Micronesia;2018;100.0
Micronesia;2019;100.0
Micronesia;2020;100.0
Micronesia;2021;100.0
Moldova;2006;15500.0
Moldova;2007;3400.0
Moldova;2008;700.0
Moldova;2009;500.0
Moldova;2010;4300.0
Moldova;2011;2700.0
Moldova;2012;400.0
Moldova;2013;600.0
Moldova;2014;400.0
Moldova;2015;1000.0
Moldova;2016;1100.0
Moldova;2017;700.0
Moldova;2018;300.0
Moldova;2019;200.0
Moldova;2020;200.0
Moldova;2021;600.0
Mongolia;2006;1200.0
Mongolia;2007;1400.0
Mongolia;2008;1700.0
Mongolia;2009;1100.0
Mongolia;2010;1700.0
Mongolia;2011;2300.0
Mongolia;2012;2300.0
Mongolia;2013;1500.0
Mongolia;2014;1800.0
Mongolia;2015;1400.0
Mongolia;2016;1300.0
Mongolia;2017;1800.0
Mongolia;2018;2100.0
Mongolia;2019;1800.0
Mongolia;2020;1500.0
Mongolia;2021;3300.0
Montenegro;2006;1000.0
Montenegro;2007;1000.0
Montenegro;2008;1000.0
Montenegro;2009;800.0
Montenegro;2010;900.0
Montenegro;2011;2000.0
Montenegro;2012;2300.0
Montenegro;2013;2300.0
Montenegro;2014;2200.0
Montenegro;2015;2500.0
Montenegro;2016;2300.0
Montenegro;2017;3100.0
Montenegro;2018;2900.0
Montenegro;2019;2800.0
Montenegro;2020;2300.0
Montenegro;2021;3000.0
Montserrat;2006;0.0
Montserrat;2007;0.0
Montserrat;2008;0.0
Montserrat;2009;0.0
Montserrat;2010;0.0
Montserrat;2011;0.0
Montserrat;2012;0.0
Montserrat;2013;0.0
Montserrat;2014;0.0
Montserrat;2015;0.0
Montserrat;2016;0.0
Montserrat;2017;0.0
Montserrat;2018;0.0
Montserrat;2019;0.0
Montserrat;2020;0.0
Montserrat;2021;0.0
Morocco;2006;1500.0
Morocco;2007;1800.0
Morocco;2008;2300.0
Morocco;2009;13600.0
Morocco;2010;7900.0
Morocco;2011;8700.0
Morocco;2012;8800.0
Morocco;2013;11200.0
Morocco;2014;2500.0
Morocco;2015;1400.0
Morocco;2016;1900.0
Morocco;2017;5200.0
Morocco;2018;17700.0
Morocco;2019;18600.0
Morocco;2020;20800.0
Morocco;2021;15800.0
Mozambique;2006;1400.0
Mozambique;2007;1200.0
Mozambique;2008;2200.0
Mozambique;2009;2000.0
Mozambique;2010;2500.0
Mozambique;2011;9000.0
Mozambique;2012;5500.0
Mozambique;2013;10200.0
Mozambique;2014;12400.0
Mozambique;2015;23300.0
Mozambique;2016;29800.0
Mozambique;2017;29800.0
Mozambique;2018;29800.0
Mozambique;2019;29800.0
Mozambique;2020;29800.0
Mozambique;2021;29800.0
Myanmar;2006;500.0
Myanmar;2007;900.0
Myanmar;2008;1100.0
Myanmar;2009;2000.0
Myanmar;2010;1600.0
Myanmar;2011;2600.0
Myanmar;2012;3200.0
Myanmar;2013;3900.0
Myanmar;2014;100.0
Myanmar;2015;300.0
Myanmar;2016;700.0
Myanmar;2017;800.0
Myanmar;2018;2600.0
Myanmar;2019;2000.0
Myanmar;2020;2400.0
Myanmar;2021;3600.0
Namibia;2006;19900.0
Namibia;2007;4800.0
Namibia;2008;6500.0
Namibia;2009;8800.0
Namibia;2010;7000.0
Namibia;2011;6300.0
Namibia;2012;27800.0
Namibia;2013;42000.0
Namibia;2014;59600.0
Namibia;2015;58800.0
Namibia;2016;41600.0
Namibia;2017;42100.0
Namibia;2018;14000.0
Namibia;2019;40300.0
Namibia;2020;38700.0
Namibia;2021;38700.0
Nauru;2006;0.0
Nauru;2007;0.0
Nauru;2008;0.0
Nauru;2009;0.0
Nauru;2010;0.0
Nauru;2011;0.0
Nauru;2012;0.0
Nauru;2013;0.0
Nauru;2014;0.0
Nauru;2015;0.0
Nauru;2016;0.0
Nauru;2017;0.0
Nauru;2018;0.0
Nauru;2019;0.0
Nauru;2020;0.0
Nauru;2021;0.0
Nepal;2006;500.0
Nepal;2007;500.0
Nepal;2008;400.0
Nepal;2009;600.0
Nepal;2010;600.0
Nepal;2011;800.0
Nepal;2012;800.0
Nepal;2013;800.0
Nepal;2014;800.0
Nepal;2015;700.0
Nepal;2016;800.0
Nepal;2017;700.0
Nepal;2018;900.0
Nepal;2019;800.0
Nepal;2020;300.0
Nepal;2021;700.0
Netherlands;2006;341700.0
Netherlands;2007;382300.0
Netherlands;2008;363100.0
Netherlands;2009;366900.0
Netherlands;2010;369200.0
Netherlands;2011;332100.0
Netherlands;2012;355900.0
Netherlands;2013;366900.0
Netherlands;2014;379900.0
Netherlands;2015;383800.0
Netherlands;2016;447800.0
Netherlands;2017;444400.0
Netherlands;2018;422500.0
Netherlands;2019;423200.0
Netherlands;2020;469400.0
Netherlands;2021;491000.0
Netherlands Antilles;2006;1600.0
Netherlands Antilles;2007;2200.0
Netherlands Antilles;2008;2000.0
Netherlands Antilles;2009;3000.0
Netherlands Antilles;2010;3200.0
Netherlands Antilles;2011;3200.0
Netherlands Antilles;2012;3300.0
Netherlands Antilles;2013;3300.0
Netherlands Antilles;2014;0.0
Netherlands Antilles;2015;0.0
Netherlands Antilles;2016;0.0
Netherlands Antilles;2017;0.0
Netherlands Antilles;2018;0.0
Netherlands Antilles;2019;0.0
Netherlands Antilles;2020;0.0
Netherlands Antilles;2021;0.0
New Caledonia;2006;6500.0
New Caledonia;2007;6300.0
New Caledonia;2008;7000.0
New Caledonia;2009;6100.0
New Caledonia;2010;6800.0
New Caledonia;2011;6800.0
New Caledonia;2012;6800.0
New Caledonia;2013;6800.0
New Caledonia;2014;7300.0
New Caledonia;2015;8200.0
New Caledonia;2016;5500.0
New Caledonia;2017;5700.0
New Caledonia;2018;4200.0
New Caledonia;2019;4400.0
New Caledonia;2020;4500.0
New Caledonia;2021;3400.0
New Zealand;2006;36000.0
New Zealand;2007;42400.0
New Zealand;2008;40900.0
New Zealand;2009;31500.0
New Zealand;2010;32700.0
New Zealand;2011;27700.0
New Zealand;2012;34200.0
New Zealand;2013;40900.0
New Zealand;2014;40700.0
New Zealand;2015;34500.0
New Zealand;2016;37200.0
New Zealand;2017;39900.0
New Zealand;2018;40900.0
New Zealand;2019;42500.0
New Zealand;2020;41600.0
New Zealand;2021;41000.0
Nicaragua;2006;800.0
Nicaragua;2007;900.0
Nicaragua;2008;800.0
Nicaragua;2009;800.0
Nicaragua;2010;900.0
Nicaragua;2011;900.0
Nicaragua;2012;1200.0
Nicaragua;2013;1100.0
Nicaragua;2014;1200.0
Nicaragua;2015;1400.0
Nicaragua;2016;1500.0
Nicaragua;2017;1000.0
Nicaragua;2018;1200.0
Nicaragua;2019;1100.0
Nicaragua;2020;1300.0
Nicaragua;2021;1400.0
Niger;2006;600.0
Niger;2007;700.0
Niger;2008;600.0
Niger;2009;600.0
Niger;2010;800.0
Niger;2011;900.0
Niger;2012;900.0
Niger;2013;800.0
Niger;2014;600.0
Niger;2015;500.0
Niger;2016;1000.0
Niger;2017;700.0
Niger;2018;400.0
Niger;2019;1000.0
Niger;2020;1000.0
Niger;2021;1000.0
Nigeria;2006;5900.0
Nigeria;2007;6300.0
Nigeria;2008;25800.0
Nigeria;2009;13000.0
Nigeria;2010;21300.0
Nigeria;2011;27500.0
Nigeria;2012;34600.0
Nigeria;2013;37100.0
Nigeria;2014;38200.0
Nigeria;2015;29500.0
Nigeria;2016;17100.0
Nigeria;2017;21300.0
Nigeria;2018;24800.0
Nigeria;2019;27900.0
Nigeria;2020;19000.0
Nigeria;2021;52000.0
Niue;2006;0.0
Niue;2007;0.0
Niue;2008;0.0
Niue;2009;0.0
Niue;2010;0.0
Niue;2011;0.0
Niue;2012;0.0
Niue;2013;0.0
Niue;2014;0.0
Niue;2015;0.0
Niue;2016;0.0
Niue;2017;0.0
Niue;2018;0.0
Niue;2019;0.0
Niue;2020;0.0
Niue;2021;0.0
Norfolk Island;2006;100.0
Norfolk Island;2007;100.0
Norfolk Island;2008;0.0
Norfolk Island;2009;0.0
Norfolk Island;2010;0.0
Norfolk Island;2011;0.0
Norfolk Island;2012;0.0
Norfolk Island;2013;0.0
Norfolk Island;2014;100.0
Norfolk Island;2015;100.0
Norfolk Island;2016;100.0
Norfolk Island;2017;100.0
Norfolk Island;2018;100.0
Norfolk Island;2019;100.0
Norfolk Island;2020;100.0
Norfolk Island;2021;100.0
Norway;2006;65600.0
Norway;2007;72300.0
Norway;2008;73700.0
Norway;2009;76100.0
Norway;2010;77300.0
Norway;2011;79800.0
Norway;2012;82800.0
Norway;2013;81700.0
Norway;2014;85500.0
Norway;2015;84100.0
Norway;2016;87100.0
Norway;2017;84400.0
Norway;2018;86200.0
Norway;2019;86700.0
Norway;2020;111100.0
Norway;2021;109100.0
Oman;2006;100.0
Oman;2007;200.0
Oman;2008;200.0
Oman;2009;200.0
Oman;2010;400.0
Oman;2011;400.0
Oman;2012;400.0
Oman;2013;1000.0
Oman;2014;1100.0
Oman;2015;700.0
Oman;2016;300.0
Oman;2017;700.0
Oman;2018;1300.0
Oman;2019;1200.0
Oman;2020;1100.0
Oman;2021;1100.0
Pakistan;2006;0.0
Pakistan;2007;100.0
Pakistan;2008;100.0
Pakistan;2009;100.0
Pakistan;2010;100.0
Pakistan;2011;100.0
Pakistan;2012;100.0
Pakistan;2013;0.0
Pakistan;2014;0.0
Pakistan;2015;0.0
Pakistan;2016;0.0
Pakistan;2017;0.0
Pakistan;2018;0.0
Pakistan;2019;0.0
Pakistan;2020;0.0
Pakistan;2021;0.0
Panama;2006;2700.0
Panama;2007;3300.0
Panama;2008;3700.0
Panama;2009;3400.0
Panama;2010;3400.0
Panama;2011;3800.0
Panama;2012;4300.0
Panama;2013;4200.0
Panama;2014;4400.0
Panama;2015;4900.0
Panama;2016;4000.0
Panama;2017;5000.0
Panama;2018;6000.0
Panama;2019;5000.0
Panama;2020;4300.0
Panama;2021;4900.0
Papua New Guinea;2006;500.0
Papua New Guinea;2007;300.0
Papua New Guinea;2008;500.0
Papua New Guinea;2009;500.0
Papua New Guinea;2010;400.0
Papua New Guinea;2011;500.0
Papua New Guinea;2012;900.0
Papua New Guinea;2013;500.0
Papua New Guinea;2014;1000.0
Papua New Guinea;2015;3700.0
Papua New Guinea;2016;2300.0
Papua New Guinea;2017;2000.0
Papua New Guinea;2018;3300.0
Papua New Guinea;2019;2700.0
Papua New Guinea;2020;1900.0
Papua New Guinea;2021;2500.0
Paraguay;2006;35400.0
Paraguay;2007;40200.0
Paraguay;2008;55000.0
Paraguay;2009;40200.0
Paraguay;2010;36300.0
Paraguay;2011;29500.0
Paraguay;2012;25600.0
Paraguay;2013;18600.0
Paraguay;2014;14300.0
Paraguay;2015;14700.0
Paraguay;2016;23000.0
Paraguay;2017;23000.0
Paraguay;2018;23000.0
Paraguay;2019;23000.0
Paraguay;2020;23400.0
Paraguay;2021;26000.0
Peru;2006;7100.0
Peru;2007;7400.0
Peru;2008;8300.0
Peru;2009;7300.0
Peru;2010;9000.0
Peru;2011;8400.0
Peru;2012;10000.0
Peru;2013;8700.0
Peru;2014;9000.0
Peru;2015;9500.0
Peru;2016;8500.0
Peru;2017;9600.0
Peru;2018;10600.0
Peru;2019;9700.0
Peru;2020;8600.0
Peru;2021;13100.0
Philippines;2006;10100.0
Philippines;2007;8400.0
Philippines;2008;10000.0
Philippines;2009;9700.0
Philippines;2010;16600.0
Philippines;2011;11500.0
Philippines;2012;10800.0
Philippines;2013;10600.0
Philippines;2014;14600.0
Philippines;2015;17200.0
Philippines;2016;20400.0
Philippines;2017;22000.0
Philippines;2018;20000.0
Philippines;2019;23000.0
Philippines;2020;12200.0
Philippines;2021;15000.0
Poland;2006;71900.0
Poland;2007;87900.0
Poland;2008;91500.0
Poland;2009;83300.0
Poland;2010;90200.0
Poland;2011;96900.0
Poland;2012;96000.0
Poland;2013;102300.0
Poland;2014;106700.0
Poland;2015;109200.0
Poland;2016;118800.0
Poland;2017;129300.0
Poland;2018;132100.0
Poland;2019;138900.0
Poland;2020;141700.0
Poland;2021;157100.0
Portugal;2006;123500.0
Portugal;2007;125300.0
Portugal;2008;139900.0
Portugal;2009;160600.0
Portugal;2010;181600.0
Portugal;2011;163600.0
Portugal;2012;129600.0
Portugal;2013;160000.0
Portugal;2014;233000.0
Portugal;2015;216100.0
Portugal;2016;180400.0
Portugal;2017;215600.0
Portugal;2018;197700.0
Portugal;2019;287700.0
Portugal;2020;274500.0
Portugal;2021;297100.0
Qatar;2006;10500.0
Qatar;2007;12000.0
Qatar;2008;13300.0
Qatar;2009;13300.0
Qatar;2010;15300.0
Qatar;2011;15400.0
Qatar;2012;15600.0
Qatar;2013;15700.0
Qatar;2014;12800.0
Qatar;2015;9800.0
Qatar;2016;11200.0
Qatar;2017;6400.0
Qatar;2018;2000.0
Qatar;2019;1800.0
Qatar;2020;2200.0
Qatar;2021;1800.0
Republic of North Macedonia;2006;300.0
Republic of North Macedonia;2007;1800.0
Republic of North Macedonia;2008;1700.0
Republic of North Macedonia;2009;1100.0
Republic of North Macedonia;2010;200.0
Republic of North Macedonia;2011;100.0
Republic of North Macedonia;2012;300.0
Republic of North Macedonia;2013;400.0
Republic of North Macedonia;2014;100.0
Republic of North Macedonia;2015;200.0
Republic of North Macedonia;2016;200.0
Republic of North Macedonia;2017;300.0
Republic of North Macedonia;2018;300.0
Republic of North Macedonia;2019;200.0
Republic of North Macedonia;2020;100.0
Republic of North Macedonia;2021;200.0
Republic of Türkiye;2006;1600.0
Republic of Türkiye;2007;1200.0
Republic of Türkiye;2008;1500.0
Republic of Türkiye;2009;1100.0
Republic of Türkiye;2010;1700.0
Republic of Türkiye;2011;1800.0
Republic of Türkiye;2012;2200.0
Republic of Türkiye;2013;1900.0
Republic of Türkiye;2014;2700.0
Republic of Türkiye;2015;2200.0
Republic of Türkiye;2016;2000.0
Republic of Türkiye;2017;2400.0
Republic of Türkiye;2018;1800.0
Republic of Türkiye;2019;1200.0
Republic of Türkiye;2020;1300.0
Republic of Türkiye;2021;1900.0
Reunion island;2006;0.0
Reunion island;2007;0.0
Reunion island;2008;0.0
Reunion island;2009;0.0
Reunion island;2010;0.0
Reunion island;2011;0.0
Reunion island;2012;0.0
Reunion island;2013;0.0
Reunion island;2014;0.0
Reunion island;2015;0.0
Reunion island;2016;0.0
Reunion island;2017;0.0
Reunion island;2018;0.0
Reunion island;2019;0.0
Reunion island;2020;0.0
Reunion island;2021;0.0
Romania;2006;71600.0
Romania;2007;38100.0
Romania;2008;38800.0
Romania;2009;13000.0
Romania;2010;22400.0
Romania;2011;90800.0
Romania;2012;54500.0
Romania;2013;36700.0
Romania;2014;34200.0
Romania;2015;50700.0
Romania;2016;50200.0
Romania;2017;48400.0
Romania;2018;39500.0
Romania;2019;36600.0
Romania;2020;45100.0
Romania;2021;59700.0
Russia;2006;611200.0
Russia;2007;643400.0
Russia;2008;573300.0
Russia;2009;452000.0
Russia;2010;546600.0
Russia;2011;511200.0
Russia;2012;489900.0
Russia;2013;492200.0
Russia;2014;467600.0
Russia;2015;399900.0
Russia;2016;404000.0
Russia;2017;447000.0
Russia;2018;405400.0
Russia;2019;349000.0
Russia;2020;345600.0
Russia;2021;389000.0
Rwanda;2006;200.0
Rwanda;2007;100.0
Rwanda;2008;300.0
Rwanda;2009;300.0
Rwanda;2010;300.0
Rwanda;2011;500.0
Rwanda;2012;600.0
Rwanda;2013;700.0
Rwanda;2014;900.0
Rwanda;2015;1000.0
Rwanda;2016;1400.0
Rwanda;2017;2100.0
Rwanda;2018;1700.0
Rwanda;2019;2000.0
Rwanda;2020;2200.0
Rwanda;2021;1900.0
Saint Helena;2006;0.0
Saint Helena;2007;0.0
Saint Helena;2008;100.0
Saint Helena;2009;0.0
Saint Helena;2010;0.0
Saint Helena;2011;200.0
Saint Helena;2012;0.0
Saint Helena;2013;0.0
Saint Helena;2014;0.0
Saint Helena;2015;0.0
Saint Helena;2016;0.0
Saint Helena;2017;0.0
Saint Helena;2018;0.0
Saint Helena;2019;0.0
Saint Helena;2020;0.0
Saint Helena;2021;0.0
Saint Kitts and Nevis;2006;300.0
Saint Kitts and Nevis;2007;300.0
Saint Kitts and Nevis;2008;300.0
Saint Kitts and Nevis;2009;300.0
Saint Kitts and Nevis;2010;200.0
Saint Kitts and Nevis;2011;100.0
Saint Kitts and Nevis;2012;200.0
Saint Kitts and Nevis;2013;200.0
Saint Kitts and Nevis;2014;100.0
Saint Kitts and Nevis;2015;200.0
Saint Kitts and Nevis;2016;300.0
Saint Kitts and Nevis;2017;300.0
Saint Kitts and Nevis;2018;200.0
Saint Kitts and Nevis;2019;300.0
Saint Kitts and Nevis;2020;100.0
Saint Kitts and Nevis;2021;100.0
Saint Lucia;2006;1400.0
Saint Lucia;2007;1600.0
Saint Lucia;2008;1800.0
Saint Lucia;2009;1200.0
Saint Lucia;2010;1100.0
Saint Lucia;2011;1000.0
Saint Lucia;2012;1100.0
Saint Lucia;2013;1200.0
Saint Lucia;2014;2200.0
Saint Lucia;2015;1000.0
Saint Lucia;2016;2100.0
Saint Lucia;2017;1100.0
Saint Lucia;2018;2200.0
Saint Lucia;2019;2200.0
Saint Lucia;2020;1400.0
Saint Lucia;2021;600.0
Saint Pierre And Miquelon;2006;200.0
Saint Pierre And Miquelon;2007;100.0
Saint Pierre And Miquelon;2008;200.0
Saint Pierre And Miquelon;2009;200.0
Saint Pierre And Miquelon;2010;200.0
Saint Pierre And Miquelon;2011;300.0
Saint Pierre And Miquelon;2012;300.0
Saint Pierre And Miquelon;2013;200.0
Saint Pierre And Miquelon;2014;200.0
Saint Pierre And Miquelon;2015;200.0
Saint Pierre And Miquelon;2016;200.0
Saint Pierre And Miquelon;2017;200.0
Saint Pierre And Miquelon;2018;200.0
Saint Pierre And Miquelon;2019;200.0
Saint Pierre And Miquelon;2020;200.0
Saint Pierre And Miquelon;2021;200.0
Saint Vincent and the Grenadines;2006;100.0
Saint Vincent and the Grenadines;2007;200.0
Saint Vincent and the Grenadines;2008;300.0
Saint Vincent and the Grenadines;2009;400.0
Saint Vincent and the Grenadines;2010;300.0
Saint Vincent and the Grenadines;2011;100.0
Saint Vincent and the Grenadines;2012;100.0
Saint Vincent and the Grenadines;2013;200.0
Saint Vincent and the Grenadines;2014;300.0
Saint Vincent and the Grenadines;2015;300.0
Saint Vincent and the Grenadines;2016;300.0
Saint Vincent and the Grenadines;2017;200.0
Saint Vincent and the Grenadines;2018;200.0
Saint Vincent and the Grenadines;2019;300.0
Saint Vincent and the Grenadines;2020;200.0
Saint Vincent and the Grenadines;2021;200.0
Samoa;2006;0.0
Samoa;2007;0.0
Samoa;2008;0.0
Samoa;2009;0.0
Samoa;2010;100.0
Samoa;2011;0.0
Samoa;2012;0.0
Samoa;2013;0.0
Samoa;2014;0.0
Samoa;2015;0.0
Samoa;2016;0.0
Samoa;2017;0.0
Samoa;2018;0.0
Samoa;2019;0.0
Samoa;2020;0.0
Samoa;2021;0.0
Sao Tome and Principe;2006;3800.0
Sao Tome and Principe;2007;2700.0
Sao Tome and Principe;2008;2700.0
Sao Tome and Principe;2009;2300.0
Sao Tome and Principe;2010;3800.0
Sao Tome and Principe;2011;4700.0
Sao Tome and Principe;2012;3900.0
Sao Tome and Principe;2013;4300.0
Sao Tome and Principe;2014;3900.0
Sao Tome and Principe;2015;3200.0
Sao Tome and Principe;2016;3700.0
Sao Tome and Principe;2017;2800.0
Sao Tome and Principe;2018;3600.0
Sao Tome and Principe;2019;3200.0
Sao Tome and Principe;2020;3300.0
Sao Tome and Principe;2021;3700.0
Saudi Arabia;2006;0.0
Saudi Arabia;2007;0.0
Saudi Arabia;2008;0.0
Saudi Arabia;2009;0.0
Saudi Arabia;2010;0.0
Saudi Arabia;2011;0.0
Saudi Arabia;2012;0.0
Saudi Arabia;2013;0.0
Saudi Arabia;2014;0.0
Saudi Arabia;2015;0.0
Saudi Arabia;2016;0.0
Saudi Arabia;2017;0.0
Saudi Arabia;2018;0.0
Saudi Arabia;2019;0.0
Saudi Arabia;2020;0.0
Saudi Arabia;2021;0.0
Senegal;2006;8600.0
Senegal;2007;7700.0
Senegal;2008;8400.0
Senegal;2009;7800.0
Senegal;2010;7600.0
Senegal;2011;7600.0
Senegal;2012;7500.0
Senegal;2013;5400.0
Senegal;2014;8000.0
Senegal;2015;5900.0
Senegal;2016;6300.0
Senegal;2017;7000.0
Senegal;2018;5000.0
Senegal;2019;6000.0
Senegal;2020;5000.0
Senegal;2021;6200.0
Serbia;2006;26800.0
Serbia;2007;30600.0
Serbia;2008;24500.0
Serbia;2009;21500.0
Serbia;2010;20500.0
Serbia;2011;29800.0
Serbia;2012;30500.0
Serbia;2013;23900.0
Serbia;2014;25100.0
Serbia;2015;18700.0
Serbia;2016;20800.0
Serbia;2017;24400.0
Serbia;2018;21200.0
Serbia;2019;20900.0
Serbia;2020;22400.0
Serbia;2021;23200.0
Serbia And Montenegro;2006;0.0
Serbia And Montenegro;2007;0.0
Serbia And Montenegro;2008;0.0
Serbia And Montenegro;2009;0.0
Serbia And Montenegro;2010;0.0
Serbia And Montenegro;2011;0.0
Serbia And Montenegro;2012;0.0
Serbia And Montenegro;2013;0.0
Serbia And Montenegro;2014;0.0
Serbia And Montenegro;2015;0.0
Serbia And Montenegro;2016;0.0
Serbia And Montenegro;2017;0.0
Serbia And Montenegro;2018;0.0
Serbia And Montenegro;2019;0.0
Serbia And Montenegro;2020;0.0
Serbia And Montenegro;2021;0.0
Seychelles;2006;1100.0
Seychelles;2007;1000.0
Seychelles;2008;800.0
Seychelles;2009;900.0
Seychelles;2010;1300.0
Seychelles;2011;1600.0
Seychelles;2012;1000.0
Seychelles;2013;1100.0
Seychelles;2014;2700.0
Seychelles;2015;1800.0
Seychelles;2016;4000.0
Seychelles;2017;1800.0
Seychelles;2018;300.0
Seychelles;2019;2100.0
Seychelles;2020;1700.0
Seychelles;2021;1000.0
Sierra Leone;2006;200.0
Sierra Leone;2007;100.0
Sierra Leone;2008;200.0
Sierra Leone;2009;200.0
Sierra Leone;2010;100.0
Sierra Leone;2011;200.0
Sierra Leone;2012;200.0
Sierra Leone;2013;200.0
Sierra Leone;2014;200.0
Sierra Leone;2015;200.0
Sierra Leone;2016;200.0
Sierra Leone;2017;500.0
Sierra Leone;2018;300.0
Sierra Leone;2019;300.0
Sierra Leone;2020;100.0
Sierra Leone;2021;400.0
Singapore;2006;19600.0
Singapore;2007;23500.0
Singapore;2008;24100.0
Singapore;2009;20500.0
Singapore;2010;23500.0
Singapore;2011;26800.0
Singapore;2012;27900.0
Singapore;2013;28500.0
Singapore;2014;32900.0
Singapore;2015;30800.0
Singapore;2016;30000.0
Singapore;2017;32100.0
Singapore;2018;35000.0
Singapore;2019;31200.0
Singapore;2020;26100.0
Singapore;2021;32300.0
Slovakia;2006;34300.0
Slovakia;2007;39700.0
Slovakia;2008;43000.0
Slovakia;2009;45000.0
Slovakia;2010;54600.0
Slovakia;2011;66300.0
Slovakia;2012;64400.0
Slovakia;2013;50800.0
Slovakia;2014;72600.0
Slovakia;2015;75000.0
Slovakia;2016;97500.0
Slovakia;2017;72300.0
Slovakia;2018;79600.0
Slovakia;2019;61400.0
Slovakia;2020;72000.0
Slovakia;2021;75400.0
Slovenia;2006;6400.0
Slovenia;2007;6600.0
Slovenia;2008;6800.0
Slovenia;2009;6300.0
Slovenia;2010;7200.0
Slovenia;2011;9600.0
Slovenia;2012;8400.0
Slovenia;2013;9000.0
Slovenia;2014;12200.0
Slovenia;2015;13300.0
Slovenia;2016;13400.0
Slovenia;2017;12000.0
Slovenia;2018;10200.0
Slovenia;2019;9200.0
Slovenia;2020;8300.0
Slovenia;2021;8200.0
Solomon Islands;2006;100.0
Solomon Islands;2007;100.0
Solomon Islands;2008;100.0
Solomon Islands;2009;100.0
Solomon Islands;2010;100.0
Solomon Islands;2011;0.0
Solomon Islands;2012;100.0
Solomon Islands;2013;0.0
Solomon Islands;2014;100.0
Solomon Islands;2015;200.0
Solomon Islands;2016;200.0
Solomon Islands;2017;200.0
Solomon Islands;2018;200.0
Solomon Islands;2019;100.0
Solomon Islands;2020;200.0
Solomon Islands;2021;100.0
Somalia;2006;0.0
Somalia;2007;0.0
Somalia;2008;0.0
Somalia;2009;0.0
Somalia;2010;0.0
Somalia;2011;0.0
Somalia;2012;0.0
Somalia;2013;0.0
Somalia;2014;0.0
Somalia;2015;0.0
Somalia;2016;0.0
Somalia;2017;0.0
Somalia;2018;0.0
Somalia;2019;0.0
Somalia;2020;0.0
Somalia;2021;0.0
South Africa;2006;19100.0
South Africa;2007;14100.0
South Africa;2008;18100.0
South Africa;2009;20200.0
South Africa;2010;17800.0
South Africa;2011;10600.0
South Africa;2012;17000.0
South Africa;2013;18100.0
South Africa;2014;11100.0
South Africa;2015;15800.0
South Africa;2016;16900.0
South Africa;2017;23700.0
South Africa;2018;17500.0
South Africa;2019;35400.0
South Africa;2020;4400.0
South Africa;2021;2400.0
Spain;2006;40000.0
Spain;2007;46200.0
Spain;2008;60700.0
Spain;2009;35000.0
Spain;2010;40500.0
Spain;2011;42200.0
Spain;2012;123600.0
Spain;2013;160300.0
Spain;2014;48500.0
Spain;2015;46100.0
Spain;2016;61400.0
Spain;2017;56100.0
Spain;2018;94100.0
Spain;2019;52400.0
Spain;2020;94100.0
Spain;2021;66600.0
Sri Lanka;2006;700.0
Sri Lanka;2007;700.0
Sri Lanka;2008;300.0
Sri Lanka;2009;200.0
Sri Lanka;2010;200.0
Sri Lanka;2011;800.0
Sri Lanka;2012;800.0
Sri Lanka;2013;1300.0
Sri Lanka;2014;1100.0
Sri Lanka;2015;1200.0
Sri Lanka;2016;1300.0
Sri Lanka;2017;1300.0
Sri Lanka;2018;1800.0
Sri Lanka;2019;1400.0
Sri Lanka;2020;1200.0
Sri Lanka;2021;900.0
State of Palestine;2006;0.0
State of Palestine;2007;0.0
State of Palestine;2008;100.0
State of Palestine;2009;0.0
State of Palestine;2010;0.0
State of Palestine;2011;0.0
State of Palestine;2012;100.0
State of Palestine;2013;0.0
State of Palestine;2014;0.0
State of Palestine;2015;0.0
State of Palestine;2016;0.0
State of Palestine;2017;0.0
State of Palestine;2018;0.0
State of Palestine;2019;0.0
State of Palestine;2020;100.0
State of Palestine;2021;100.0
Sudan;2006;100.0
Sudan;2007;100.0
Sudan;2008;200.0
Sudan;2009;100.0
Sudan;2010;200.0
Sudan;2011;100.0
Sudan;2012;0.0
Sudan;2013;100.0
Sudan;2014;300.0
Sudan;2015;100.0
Sudan;2016;100.0
Sudan;2017;100.0
Sudan;2018;300.0
Sudan;2019;300.0
Sudan;2020;400.0
Sudan;2021;200.0
Suriname;2006;200.0
Suriname;2007;500.0
Suriname;2008;400.0
Suriname;2009;400.0
Suriname;2010;400.0
Suriname;2011;1000.0
Suriname;2012;300.0
Suriname;2013;500.0
Suriname;2014;800.0
Suriname;2015;400.0
Suriname;2016;500.0
Suriname;2017;500.0
Suriname;2018;600.0
Suriname;2019;900.0
Suriname;2020;600.0
Suriname;2021;800.0
Sweden;2006;166000.0
Sweden;2007;179100.0
Sweden;2008;181600.0
Sweden;2009;195200.0
Sweden;2010;188500.0
Sweden;2011;192600.0
Sweden;2012;203700.0
Sweden;2013;207600.0
Sweden;2014;232600.0
Sweden;2015;217300.0
Sweden;2016;218400.0
Sweden;2017;216500.0
Sweden;2018;212300.0
Sweden;2019;208900.0
Sweden;2020;232300.0
Sweden;2021;206600.0
Switzerland;2006;175300.0
Switzerland;2007;186000.0
Switzerland;2008;184500.0
Switzerland;2009;190800.0
Switzerland;2010;194000.0
Switzerland;2011;189600.0
Switzerland;2012;190000.0
Switzerland;2013;184300.0
Switzerland;2014;188100.0
Switzerland;2015;187600.0
Switzerland;2016;185000.0
Switzerland;2017;186300.0
Switzerland;2018;177600.0
Switzerland;2019;178400.0
Switzerland;2020;182900.0
Switzerland;2021;190000.0
Syrian Arab Republic;2006;100.0
Syrian Arab Republic;2007;100.0
Syrian Arab Republic;2008;100.0
Syrian Arab Republic;2009;200.0
Syrian Arab Republic;2010;200.0
Syrian Arab Republic;2011;500.0
Syrian Arab Republic;2012;100.0
Syrian Arab Republic;2013;100.0
Syrian Arab Republic;2014;100.0
Syrian Arab Republic;2015;0.0
Syrian Arab Republic;2016;100.0
Syrian Arab Republic;2017;100.0
Syrian Arab Republic;2018;100.0
Syrian Arab Republic;2019;100.0
Syrian Arab Republic;2020;0.0
Syrian Arab Republic;2021;0.0
Taiwan;2006;17000.0
Taiwan;2007;21700.0
Taiwan;2008;16400.0
Taiwan;2009;11000.0
Taiwan;2010;16000.0
Taiwan;2011;17900.0
Taiwan;2012;16800.0
Taiwan;2013;16700.0
Taiwan;2014;17100.0
Taiwan;2015;20400.0
Taiwan;2016;21600.0
Taiwan;2017;21700.0
Taiwan;2018;21500.0
Taiwan;2019;20200.0
Taiwan;2020;19000.0
Taiwan;2021;22800.0
Tajikistan;2006;100.0
Tajikistan;2007;200.0
Tajikistan;2008;100.0
Tajikistan;2009;100.0
Tajikistan;2010;300.0
Tajikistan;2011;100.0
Tajikistan;2012;200.0
Tajikistan;2013;200.0
Tajikistan;2014;200.0
Tajikistan;2015;500.0
Tajikistan;2016;200.0
Tajikistan;2017;200.0
Tajikistan;2018;200.0
Tajikistan;2019;200.0
Tajikistan;2020;200.0
Tajikistan;2021;200.0
Tanzania, the United Republic of;2006;5100.0
Tanzania, the United Republic of;2007;3400.0
Tanzania, the United Republic of;2008;3700.0
Tanzania, the United Republic of;2009;3600.0
Tanzania, the United Republic of;2010;3900.0
Tanzania, the United Republic of;2011;4300.0
Tanzania, the United Republic of;2012;5600.0
Tanzania, the United Republic of;2013;6100.0
Tanzania, the United Republic of;2014;5400.0
Tanzania, the United Republic of;2015;4300.0
Tanzania, the United Republic of;2016;4700.0
Tanzania, the United Republic of;2017;4000.0
Tanzania, the United Republic of;2018;2900.0
Tanzania, the United Republic of;2019;2800.0
Tanzania, the United Republic of;2020;3600.0
Tanzania, the United Republic of;2021;4500.0
Thailand;2006;7300.0
Thailand;2007;10500.0
Thailand;2008;9300.0
Thailand;2009;7800.0
Thailand;2010;9800.0
Thailand;2011;12000.0
Thailand;2012;14900.0
Thailand;2013;15500.0
Thailand;2014;14200.0
Thailand;2015;13300.0
Thailand;2016;12600.0
Thailand;2017;11600.0
Thailand;2018;13600.0
Thailand;2019;12500.0
Thailand;2020;10100.0
Thailand;2021;8400.0
Timor-Leste;2006;100.0
Timor-Leste;2007;100.0
Timor-Leste;2008;200.0
Timor-Leste;2009;300.0
Timor-Leste;2010;300.0
Timor-Leste;2011;400.0
Timor-Leste;2012;700.0
Timor-Leste;2013;500.0
Timor-Leste;2014;100.0
Timor-Leste;2015;100.0
Timor-Leste;2016;100.0
Timor-Leste;2017;600.0
Timor-Leste;2018;100.0
Timor-Leste;2019;0.0
Timor-Leste;2020;100.0
Timor-Leste;2021;0.0
Togo;2006;9000.0
Togo;2007;10400.0
Togo;2008;8500.0
Togo;2009;5400.0
Togo;2010;5000.0
Togo;2011;7600.0
Togo;2012;7500.0
Togo;2013;6300.0
Togo;2014;5400.0
Togo;2015;6100.0
Togo;2016;5000.0
Togo;2017;13000.0
Togo;2018;12300.0
Togo;2019;13700.0
Togo;2020;12300.0
Togo;2021;18700.0
Tonga;2006;0.0
Tonga;2007;0.0
Tonga;2008;100.0
Tonga;2009;100.0
Tonga;2010;0.0
Tonga;2011;100.0
Tonga;2012;0.0
Tonga;2013;0.0
Tonga;2014;0.0
Tonga;2015;100.0
Tonga;2016;100.0
Tonga;2017;100.0
Tonga;2018;100.0
Tonga;2019;100.0
Tonga;2020;100.0
Tonga;2021;100.0
Trinidad and Tobago;2006;1100.0
Trinidad and Tobago;2007;1200.0
Trinidad and Tobago;2008;1000.0
Trinidad and Tobago;2009;1000.0
Trinidad and Tobago;2010;900.0
Trinidad and Tobago;2011;1000.0
Trinidad and Tobago;2012;1300.0
Trinidad and Tobago;2013;1700.0
Trinidad and Tobago;2014;2600.0
Trinidad and Tobago;2015;3000.0
Trinidad and Tobago;2016;2300.0
Trinidad and Tobago;2017;1600.0
Trinidad and Tobago;2018;1600.0
Trinidad and Tobago;2019;1600.0
Trinidad and Tobago;2020;700.0
Trinidad and Tobago;2021;1400.0
Tunisia;2006;0.0
Tunisia;2007;0.0
Tunisia;2008;0.0
Tunisia;2009;0.0
Tunisia;2010;100.0
Tunisia;2011;100.0
Tunisia;2012;100.0
Tunisia;2013;100.0
Tunisia;2014;200.0
Tunisia;2015;100.0
Tunisia;2016;200.0
Tunisia;2017;100.0
Tunisia;2018;200.0
Tunisia;2019;200.0
Tunisia;2020;100.0
Tunisia;2021;100.0
Turkmenistan;2006;500.0
Turkmenistan;2007;200.0
Turkmenistan;2008;100.0
Turkmenistan;2009;100.0
Turkmenistan;2010;100.0
Turkmenistan;2011;100.0
Turkmenistan;2012;100.0
Turkmenistan;2013;100.0
Turkmenistan;2014;300.0
Turkmenistan;2015;200.0
Turkmenistan;2016;200.0
Turkmenistan;2017;200.0
Turkmenistan;2018;400.0
Turkmenistan;2019;300.0
Turkmenistan;2020;300.0
Turkmenistan;2021;600.0
Tuvalu;2006;0.0
Tuvalu;2007;0.0
Tuvalu;2008;0.0
Tuvalu;2009;0.0
Tuvalu;2010;0.0
Tuvalu;2011;100.0
Tuvalu;2012;100.0
Tuvalu;2013;100.0
Tuvalu;2014;100.0
Tuvalu;2015;100.0
Tuvalu;2016;0.0
Tuvalu;2017;0.0
Tuvalu;2018;0.0
Tuvalu;2019;0.0
Tuvalu;2020;0.0
Tuvalu;2021;0.0
Uganda;2006;200.0
Uganda;2007;300.0
Uganda;2008;1200.0
Uganda;2009;700.0
Uganda;2010;1800.0
Uganda;2011;1100.0
Uganda;2012;2500.0
Uganda;2013;2500.0
Uganda;2014;2500.0
Uganda;2015;2500.0
Uganda;2016;2600.0
Uganda;2017;2500.0
Uganda;2018;3500.0
Uganda;2019;2700.0
Uganda;2020;3000.0
Uganda;2021;1300.0
Ukraine;2006;43800.0
Ukraine;2007;54900.0
Ukraine;2008;40900.0
Ukraine;2009;16700.0
Ukraine;2010;32700.0
Ukraine;2011;50000.0
Ukraine;2012;33300.0
Ukraine;2013;34600.0
Ukraine;2014;30700.0
Ukraine;2015;23300.0
Ukraine;2016;43100.0
Ukraine;2017;41600.0
Ukraine;2018;37900.0
Ukraine;2019;45000.0
Ukraine;2020;53200.0
Ukraine;2021;63900.0
United Arab Emirates;2006;7200.0
United Arab Emirates;2007;7600.0
United Arab Emirates;2008;12600.0
United Arab Emirates;2009;10000.0
United Arab Emirates;2010;15400.0
United Arab Emirates;2011;15500.0
United Arab Emirates;2012;29400.0
United Arab Emirates;2013;35800.0
United Arab Emirates;2014;54100.0
United Arab Emirates;2015;24800.0
United Arab Emirates;2016;22500.0
United Arab Emirates;2017;51300.0
United Arab Emirates;2018;44100.0
United Arab Emirates;2019;49000.0
United Arab Emirates;2020;30300.0
United Arab Emirates;2021;38900.0
United Kingdom;2006;1128700.0
United Kingdom;2007;1167700.0
United Kingdom;2008;1151500.0
United Kingdom;2009;1185900.0
United Kingdom;2010;1286100.0
United Kingdom;2011;1329900.0
United Kingdom;2012;1311800.0
United Kingdom;2013;1304000.0
United Kingdom;2014;1402400.0
United Kingdom;2015;1409800.0
United Kingdom;2016;1361300.0
United Kingdom;2017;1328200.0
United Kingdom;2018;1320300.0
United Kingdom;2019;1346800.0
United Kingdom;2020;1415400.0
United Kingdom;2021;1320300.0
United States of America;2006;771800.0
United States of America;2007;837300.0
United States of America;2008;825000.0
United States of America;2009;921900.0
United States of America;2010;932000.0
United States of America;2011;1015500.0
United States of America;2012;1167500.0
United States of America;2013;1096600.0
United States of America;2014;1076600.0
United States of America;2015;1103600.0
United States of America;2016;1114200.0
United States of America;2017;1208600.0
United States of America;2018;1171100.0
United States of America;2019;1227800.0
United States of America;2020;1229500.0
United States of America;2021;1391300.0
Uruguay;2006;2300.0
Uruguay;2007;1900.0
Uruguay;2008;2200.0
Uruguay;2009;3000.0
Uruguay;2010;3400.0
Uruguay;2011;3200.0
Uruguay;2012;3200.0
Uruguay;2013;2900.0
Uruguay;2014;2900.0
Uruguay;2015;3000.0
Uruguay;2016;3300.0
Uruguay;2017;3500.0
Uruguay;2018;3500.0
Uruguay;2019;3200.0
Uruguay;2020;3500.0
Uruguay;2021;5500.0
Uzbekistan;2006;100.0
Uzbekistan;2007;0.0
Uzbekistan;2008;0.0
Uzbekistan;2009;0.0
Uzbekistan;2010;0.0
Uzbekistan;2011;100.0
Uzbekistan;2012;100.0
Uzbekistan;2013;100.0
Uzbekistan;2014;100.0
Uzbekistan;2015;100.0
Uzbekistan;2016;100.0
Uzbekistan;2017;100.0
Uzbekistan;2018;100.0
Uzbekistan;2019;100.0
Uzbekistan;2020;100.0
Uzbekistan;2021;200.0
Vanuatu;2006;200.0
Vanuatu;2007;200.0
Vanuatu;2008;200.0
Vanuatu;2009;500.0
Vanuatu;2010;400.0
Vanuatu;2011;400.0
Vanuatu;2012;300.0
Vanuatu;2013;300.0
Vanuatu;2014;400.0
Vanuatu;2015;400.0
Vanuatu;2016;600.0
Vanuatu;2017;400.0
Vanuatu;2018;500.0
Vanuatu;2019;600.0
Vanuatu;2020;600.0
Vanuatu;2021;600.0
Venezuela;2006;18100.0
Venezuela;2007;18500.0
Venezuela;2008;25300.0
Venezuela;2009;19800.0
Venezuela;2010;15900.0
Venezuela;2011;18700.0
Venezuela;2012;22300.0
Venezuela;2013;10400.0
Venezuela;2014;12600.0
Venezuela;2015;5100.0
Venezuela;2016;1000.0
Venezuela;2017;2000.0
Venezuela;2018;1500.0
Venezuela;2019;6300.0
Venezuela;2020;7000.0
Venezuela;2021;5700.0
Vietnam;2006;5600.0
Vietnam;2007;7100.0
Vietnam;2008;7800.0
Vietnam;2009;8100.0
Vietnam;2010;9500.0
Vietnam;2011;11300.0
Vietnam;2012;11900.0
Vietnam;2013;8400.0
Vietnam;2014;5800.0
Vietnam;2015;6900.0
Vietnam;2016;7700.0
Vietnam;2017;8200.0
Vietnam;2018;8900.0
Vietnam;2019;9400.0
Vietnam;2020;7700.0
Vietnam;2021;5800.0
Virgin Islands;2006;200.0
Virgin Islands;2007;200.0
Virgin Islands;2008;0.0
Virgin Islands;2009;0.0
Virgin Islands;2010;0.0
Virgin Islands;2011;0.0
Virgin Islands;2012;0.0
Virgin Islands;2013;0.0
Virgin Islands;2014;400.0
Virgin Islands;2015;400.0
Virgin Islands;2016;400.0
Virgin Islands;2017;400.0
Virgin Islands;2018;400.0
Virgin Islands;2019;400.0
Virgin Islands;2020;400.0
Virgin Islands;2021;400.0
Yemen;2006;0.0
Yemen;2007;0.0
Yemen;2008;0.0
Yemen;2009;0.0
Yemen;2010;0.0
Yemen;2011;0.0
Yemen;2012;0.0
Yemen;2013;0.0
Yemen;2014;0.0
Yemen;2015;0.0
Yemen;2016;0.0
Yemen;2017;0.0
Yemen;2018;0.0
Yemen;2019;0.0
Yemen;2020;0.0
Yemen;2021;0.0
Zambia;2006;800.0
Zambia;2007;700.0
Zambia;2008;900.0
Zambia;2009;700.0
Zambia;2010;600.0
Zambia;2011;600.0
Zambia;2012;1300.0
Zambia;2013;1400.0
Zambia;2014;4700.0
Zambia;2015;2600.0
Zambia;2016;4700.0
Zambia;2017;3700.0
Zambia;2018;3300.0
Zambia;2019;2700.0
Zambia;2020;2700.0
Zambia;2021;2100.0
Zimbabwe;2006;700.0
Zimbabwe;2007;500.0
Zimbabwe;2008;900.0
Zimbabwe;2009;1400.0
Zimbabwe;2010;2100.0
Zimbabwe;2011;1800.0
Zimbabwe;2012;1800.0
Zimbabwe;2013;2100.0
Zimbabwe;2014;2000.0
Zimbabwe;2015;2000.0
Zimbabwe;2016;1700.0
Zimbabwe;2017;900.0
Zimbabwe;2018;2500.0
Zimbabwe;2019;300.0
Zimbabwe;2020;300.0
Zimbabwe;2021;1400.0
